experiment,final_step_rel_mse,full_rel_mse,strategy,system,tail16_rel_mse
single_horizon_ablation,0.09685360640287399,0.08005178719758987,latent,heat,0.08838291466236115
single_horizon_ablation,17.836612701416016,4.7498579025268555,state,heat,11.339329719543457
single_horizon_ablation,0.0954873114824295,0.07963696867227554,latent_branch,heat,0.08747140318155289
single_horizon_ablation,2.8876452445983887,1.0110417604446411,hybrid_2,heat,2.120798349380493
single_horizon_ablation,0.7346643209457397,0.3434668183326721,hybrid_4,heat,0.5983496904373169
single_horizon_ablation,0.2913552522659302,0.1801154613494873,hybrid_8,heat,0.2704269289970398
single_horizon_ablation,0.1621323972940445,0.11889596283435822,hybrid_16,heat,0.16435982286930084
single_horizon_ablation,0.3156466782093048,0.22876094281673431,latent,wave,0.2782045006752014
single_horizon_ablation,5.5166168212890625,2.309972047805786,state,wave,4.212917804718018
single_horizon_ablation,0.3068000078201294,0.22626540064811707,latent_branch,wave,0.27270710468292236
single_horizon_ablation,2.075387954711914,1.0077799558639526,hybrid_2,wave,1.7182105779647827
single_horizon_ablation,0.908282995223999,0.5241933465003967,hybrid_4,wave,0.8019043207168579
single_horizon_ablation,0.5373310446739197,0.34677475690841675,hybrid_8,wave,0.48761415481567383
single_horizon_ablation,0.37796157598495483,0.26938366889953613,hybrid_16,wave,0.35453397035598755
single_horizon_ablation,0.14523130655288696,0.0871671810746193,latent,burgers,0.11789028346538544
single_horizon_ablation,180.20066833496094,35.95260238647461,state,burgers,96.27507781982422
single_horizon_ablation,0.14173446595668793,0.08616682142019272,latent_branch,burgers,0.11565041542053223
single_horizon_ablation,9.26528549194336,2.328435182571411,hybrid_2,burgers,5.51261568069458
single_horizon_ablation,1.214372992515564,0.4809005856513977,hybrid_4,burgers,0.9246006608009338
single_horizon_ablation,0.40724819898605347,0.2115849107503891,hybrid_8,burgers,0.3513575494289398
single_horizon_ablation,0.22160552442073822,0.13098199665546417,hybrid_16,burgers,0.20372891426086426
single_horizon_ablation,0.001856937655247748,0.0027509229257702827,latent,reaction_diffusion,0.0019522333750501275
single_horizon_ablation,0.003420453052967787,0.0038887534756213427,state,reaction_diffusion,0.0034167419653385878
single_horizon_ablation,0.0027448690962046385,0.003321964992210269,latent_branch,reaction_diffusion,0.0028307836037129164
single_horizon_ablation,0.0021974153351038694,0.003007252002134919,hybrid_2,reaction_diffusion,0.002272258512675762
single_horizon_ablation,0.0019169558072462678,0.0028077445458620787,hybrid_4,reaction_diffusion,0.0020124143920838833
single_horizon_ablation,0.0018530163215473294,0.0027585362549871206,hybrid_8,reaction_diffusion,0.0019526835530996323
single_horizon_ablation,0.0018427300965413451,0.002749430714175105,hybrid_16,reaction_diffusion,0.0019442837219685316
crossover_reaction_diffusion_ld16_rl48,0.0018718491774052382,0.0027951060328632593,latent,reaction_diffusion,0.001983505906537175
crossover_reaction_diffusion_ld16_rl48,0.004062156658619642,0.003672788618132472,state,reaction_diffusion,0.0035823092330247164
crossover_reaction_diffusion_ld16_rl48,0.003680061548948288,0.004011025186628103,latent_branch,reaction_diffusion,0.003820727812126279
crossover_reaction_diffusion_ld16_rl48,0.002475934801623225,0.0030645153019577265,hybrid_2,reaction_diffusion,0.0024658420588821173
crossover_reaction_diffusion_ld16_rl48,0.0020333710126578808,0.0028779238928109407,hybrid_4,reaction_diffusion,0.0021277235355228186
crossover_reaction_diffusion_ld16_rl48,0.0019039629260078073,0.002815473824739456,hybrid_8,reaction_diffusion,0.0020194093231111765
crossover_reaction_diffusion_ld16_rl48,0.0018701680237427354,0.002795848762616515,hybrid_16,reaction_diffusion,0.0019847285002470016
crossover_reaction_diffusion_ld16_rl64,0.0019605779089033604,0.0022627422586083412,latent,reaction_diffusion,0.0018117745639756322
crossover_reaction_diffusion_ld16_rl64,0.022963080555200577,0.0125642204657197,state,reaction_diffusion,0.01990133710205555
crossover_reaction_diffusion_ld16_rl64,0.0034638058859854937,0.0033677194733172655,latent_branch,reaction_diffusion,0.003343982854858041
crossover_reaction_diffusion_ld16_rl64,0.00756047060713172,0.0050914110615849495,hybrid_2,reaction_diffusion,0.0066285515204072
crossover_reaction_diffusion_ld16_rl64,0.003612884785979986,0.0031519311014562845,hybrid_4,reaction_diffusion,0.0032857998739928007
crossover_reaction_diffusion_ld16_rl64,0.002480560913681984,0.0025641140528023243,hybrid_8,reaction_diffusion,0.0023069356102496386
crossover_reaction_diffusion_ld16_rl64,0.002143952762708068,0.002379765035584569,hybrid_16,reaction_diffusion,0.0020107445307075977
crossover_reaction_diffusion_ld16_rl80,0.0043112351559102535,0.0026515955105423927,latent,reaction_diffusion,0.0034825745970010757
crossover_reaction_diffusion_ld16_rl80,0.029578709974884987,0.017285233363509178,state,reaction_diffusion,0.026554947718977928
crossover_reaction_diffusion_ld16_rl80,0.006145341321825981,0.00475295027717948,latent_branch,reaction_diffusion,0.005689517594873905
crossover_reaction_diffusion_ld16_rl80,0.011718284338712692,0.007197923492640257,hybrid_2,reaction_diffusion,0.010417824611067772
crossover_reaction_diffusion_ld16_rl80,0.004939678590744734,0.0035333328414708376,hybrid_4,reaction_diffusion,0.004367340821772814
crossover_reaction_diffusion_ld16_rl80,0.003111571306362748,0.0024805886205285788,hybrid_8,reaction_diffusion,0.0027421412523835897
crossover_reaction_diffusion_ld16_rl80,0.002874579979106784,0.0022522632498294115,hybrid_16,reaction_diffusion,0.0024758775252848864
crossover_reaction_diffusion_ld24_rl48,0.0017888478469103575,0.0027667388785630465,latent,reaction_diffusion,0.0019128478597849607
crossover_reaction_diffusion_ld24_rl48,0.0018682250520214438,0.002877483842894435,state,reaction_diffusion,0.0019748706836253405
crossover_reaction_diffusion_ld24_rl48,0.002880451502278447,0.003446694230660796,latent_branch,reaction_diffusion,0.002980167744681239
crossover_reaction_diffusion_ld24_rl48,0.001800184603780508,0.002803741255775094,hybrid_2,reaction_diffusion,0.0019295093370601535
crossover_reaction_diffusion_ld24_rl48,0.0017833125311881304,0.0027816216461360455,hybrid_4,reaction_diffusion,0.001916335429996252
crossover_reaction_diffusion_ld24_rl48,0.0017801725771278143,0.002772013656795025,hybrid_8,reaction_diffusion,0.001911630155518651
crossover_reaction_diffusion_ld24_rl48,0.0017802421934902668,0.0027666904497891665,hybrid_16,reaction_diffusion,0.001910030492581427
crossover_reaction_diffusion_ld24_rl64,0.0019600996747612953,0.002401948906481266,latent,reaction_diffusion,0.001820509321987629
crossover_reaction_diffusion_ld24_rl64,0.0026254334952682257,0.0025855794083327055,state,reaction_diffusion,0.0022417521104216576
crossover_reaction_diffusion_ld24_rl64,0.0034598582424223423,0.0032467851415276527,latent_branch,reaction_diffusion,0.003165732603520155
crossover_reaction_diffusion_ld24_rl64,0.0020455000922083855,0.002441201126202941,hybrid_2,reaction_diffusion,0.0019033116986975074
crossover_reaction_diffusion_ld24_rl64,0.001924256095662713,0.002404181519523263,hybrid_4,reaction_diffusion,0.0018198955804109573
crossover_reaction_diffusion_ld24_rl64,0.0019064194057136774,0.0023959882091730833,hybrid_8,reaction_diffusion,0.0018021108116954565
crossover_reaction_diffusion_ld24_rl64,0.0019107164116576314,0.0023952459450811148,hybrid_16,reaction_diffusion,0.001800007070414722
crossover_reaction_diffusion_ld24_rl80,0.0031114069279283285,0.002204206073656678,latent,reaction_diffusion,0.002475341781973839
crossover_reaction_diffusion_ld24_rl80,0.012174294330179691,0.005482588894665241,state,reaction_diffusion,0.009543540887534618
crossover_reaction_diffusion_ld24_rl80,0.0034550034906715155,0.002886553294956684,latent_branch,reaction_diffusion,0.0030690920539200306
crossover_reaction_diffusion_ld24_rl80,0.0071778022684156895,0.0037528073880821466,hybrid_2,reaction_diffusion,0.005631118081510067
crossover_reaction_diffusion_ld24_rl80,0.004238294903188944,0.002901547821238637,hybrid_4,reaction_diffusion,0.003596140770241618
crossover_reaction_diffusion_ld24_rl80,0.002913067815825343,0.0024483143351972103,hybrid_8,reaction_diffusion,0.002609588671475649
crossover_reaction_diffusion_ld24_rl80,0.002465742640197277,0.0021830759942531586,hybrid_16,reaction_diffusion,0.002189814345911145
crossover_reaction_diffusion_ld32_rl48,0.0018096264684572816,0.0027309423312544823,latent,reaction_diffusion,0.0019237046362832189
crossover_reaction_diffusion_ld32_rl48,0.0034049921669065952,0.0032174019142985344,state,reaction_diffusion,0.002912424271926284
crossover_reaction_diffusion_ld32_rl48,0.0023058366496115923,0.0030953302048146725,latent_branch,reaction_diffusion,0.0024292634334415197
crossover_reaction_diffusion_ld32_rl48,0.002239008666947484,0.0028632141184061766,hybrid_2,reaction_diffusion,0.0021870527416467667
crossover_reaction_diffusion_ld32_rl48,0.0019246835727244616,0.002772037172690034,hybrid_4,reaction_diffusion,0.0019995898474007845
crossover_reaction_diffusion_ld32_rl48,0.0018261563964188099,0.002741702366620302,hybrid_8,reaction_diffusion,0.0019400338642299175
crossover_reaction_diffusion_ld32_rl48,0.0018061704467982054,0.0027331437449902296,hybrid_16,reaction_diffusion,0.0019253988284617662
crossover_reaction_diffusion_ld32_rl64,0.0019007031805813313,0.0023743652272969484,latent,reaction_diffusion,0.001787013141438365
crossover_reaction_diffusion_ld32_rl64,0.014844272285699844,0.014678259380161762,state,reaction_diffusion,0.017161183059215546
crossover_reaction_diffusion_ld32_rl64,0.002370336325839162,0.002838532440364361,latent_branch,reaction_diffusion,0.0022961613722145557
crossover_reaction_diffusion_ld32_rl64,0.004425952676683664,0.0052518234588205814,hybrid_2,reaction_diffusion,0.005019742995500565
crossover_reaction_diffusion_ld32_rl64,0.002473649336025119,0.0031444646883755922,hybrid_4,reaction_diffusion,0.002573299454525113
crossover_reaction_diffusion_ld32_rl64,0.0020439859945327044,0.0026142823044210672,hybrid_8,reaction_diffusion,0.00200443877838552
crossover_reaction_diffusion_ld32_rl64,0.00195996998809278,0.0024722714442759752,hybrid_16,reaction_diffusion,0.00187862035818398
crossover_reaction_diffusion_ld32_rl80,0.0035433333832770586,0.0022154799662530422,latent,reaction_diffusion,0.002688963431864977
crossover_reaction_diffusion_ld32_rl80,0.049060456454753876,0.015273800119757652,state,reaction_diffusion,0.03471394628286362
crossover_reaction_diffusion_ld32_rl80,0.004220546223223209,0.0026291378308087587,latent_branch,reaction_diffusion,0.0032938269432634115
crossover_reaction_diffusion_ld32_rl80,0.034600742161273956,0.010358157567679882,hybrid_2,reaction_diffusion,0.022762905806303024
crossover_reaction_diffusion_ld32_rl80,0.016407951712608337,0.006269920151680708,hybrid_4,reaction_diffusion,0.011989797465503216
crossover_reaction_diffusion_ld32_rl80,0.008080452680587769,0.004155128262937069,hybrid_8,reaction_diffusion,0.006725700106471777
crossover_reaction_diffusion_ld32_rl80,0.004920553881675005,0.003073766129091382,hybrid_16,reaction_diffusion,0.004325597546994686
crossover_heat_ld16_rl48,0.11953100562095642,0.08202631771564484,latent,heat,0.10193271934986115
crossover_heat_ld16_rl48,21.331010818481445,3.9343035221099854,state,heat,9.794682502746582
crossover_heat_ld16_rl48,0.10797691345214844,0.07853520661592484,latent_branch,heat,0.09405595064163208
crossover_heat_ld16_rl48,2.0520825386047363,0.8181041479110718,hybrid_2,heat,1.612400770187378
crossover_heat_ld16_rl48,0.6704957485198975,0.31786778569221497,hybrid_4,heat,0.5533108711242676
crossover_heat_ld16_rl48,0.27310121059417725,0.166885107755661,hybrid_8,heat,0.2526467442512512
crossover_heat_ld16_rl48,0.15886326134204865,0.11161930114030838,hybrid_16,heat,0.156889408826828
crossover_heat_ld16_rl64,0.1504279375076294,0.0845264345407486,latent,heat,0.12639498710632324
crossover_heat_ld16_rl64,16.714366912841797,5.321522235870361,state,heat,13.063687324523926
crossover_heat_ld16_rl64,0.1399572342634201,0.08140967786312103,latent_branch,heat,0.11834178864955902
crossover_heat_ld16_rl64,3.1127443313598633,1.2952083349227905,hybrid_2,heat,2.6663308143615723
crossover_heat_ld16_rl64,1.1154416799545288,0.47288593649864197,hybrid_4,heat,0.9647257924079895
crossover_heat_ld16_rl64,0.3780153691768646,0.2063261866569519,hybrid_8,heat,0.35429251194000244
crossover_heat_ld16_rl64,0.19363641738891602,0.12372361123561859,hybrid_16,heat,0.19269613921642303
crossover_heat_ld16_rl80,0.11105534434318542,0.06290782243013382,latent,heat,0.09671713411808014
crossover_heat_ld16_rl80,12.733891487121582,4.461348533630371,state,heat,11.164803504943848
crossover_heat_ld16_rl80,0.10718106478452682,0.06180645152926445,latent_branch,heat,0.09368547797203064
crossover_heat_ld16_rl80,3.030942916870117,1.1164802312850952,hybrid_2,heat,2.5703980922698975
crossover_heat_ld16_rl80,0.9539427757263184,0.3994378447532654,hybrid_4,heat,0.8441977500915527
crossover_heat_ld16_rl80,0.3328532576560974,0.1772812306880951,hybrid_8,heat,0.31422170996665955
crossover_heat_ld16_rl80,0.16185447573661804,0.1018102690577507,hybrid_16,heat,0.16142140328884125
crossover_heat_ld24_rl48,0.09074240177869797,0.07937175035476685,latent,heat,0.08556530624628067
crossover_heat_ld24_rl48,18.68840217590332,5.001497268676758,state,heat,12.001301765441895
crossover_heat_ld24_rl48,0.08978217840194702,0.07900023460388184,latent_branch,heat,0.08484120666980743
crossover_heat_ld24_rl48,3.0933732986450195,1.045336365699768,hybrid_2,heat,2.21701717376709
crossover_heat_ld24_rl48,0.745983362197876,0.3464130163192749,hybrid_4,heat,0.605877161026001
crossover_heat_ld24_rl48,0.2951304614543915,0.18142876029014587,hybrid_8,heat,0.27309450507164
crossover_heat_ld24_rl48,0.16316963732242584,0.11953983455896378,hybrid_16,heat,0.16544808447360992
crossover_heat_ld24_rl64,0.08709503710269928,0.07199429720640182,latent,heat,0.08052556216716766
crossover_heat_ld24_rl64,18.247621536254883,7.943807601928711,state,heat,18.324926376342773
crossover_heat_ld24_rl64,0.08658763021230698,0.0718594342470169,latent_branch,heat,0.08013464510440826
crossover_heat_ld24_rl64,6.2703022956848145,1.8736823797225952,hybrid_2,heat,4.523216247558594
crossover_heat_ld24_rl64,1.5682703256607056,0.5840433239936829,hybrid_4,heat,1.3051515817642212
crossover_heat_ld24_rl64,0.43406009674072266,0.21767157316207886,hybrid_8,heat,0.3925361931324005
crossover_heat_ld24_rl64,0.17753280699253082,0.12152298539876938,hybrid_16,heat,0.1792210042476654
crossover_heat_ld24_rl80,0.0790015161037445,0.06680644303560257,latent,heat,0.07351028919219971
crossover_heat_ld24_rl80,149.0553741455078,23.499319076538086,state,heat,90.87703704833984
crossover_heat_ld24_rl80,0.07824484258890152,0.06665611267089844,latent_branch,heat,0.07305538654327393
crossover_heat_ld24_rl80,7.508098125457764,2.0233826637268066,hybrid_2,heat,5.7502875328063965
crossover_heat_ld24_rl80,1.3026007413864136,0.5058908462524414,hybrid_4,heat,1.1221612691879272
crossover_heat_ld24_rl80,0.3863827884197235,0.2119443118572235,hybrid_8,heat,0.3642304241657257
crossover_heat_ld24_rl80,0.17704737186431885,0.1253845989704132,hybrid_16,heat,0.1809234768152237
crossover_heat_ld32_rl48,0.08372750878334045,0.0851435661315918,latent,heat,0.08367212116718292
crossover_heat_ld32_rl48,8204.005859375,762.162109375,state,heat,2394.927001953125
crossover_heat_ld32_rl48,0.08369440585374832,0.08513978868722916,latent_branch,heat,0.08365994691848755
crossover_heat_ld32_rl48,29.61796760559082,5.340677738189697,hybrid_2,heat,14.779797554016113
crossover_heat_ld32_rl48,1.460705280303955,0.5041652321815491,hybrid_4,heat,1.0408231019973755
crossover_heat_ld32_rl48,0.31695276498794556,0.19011171162128448,hybrid_8,heat,0.29000723361968994
crossover_heat_ld32_rl48,0.1503267139196396,0.12059159576892853,hybrid_16,heat,0.15598297119140625
crossover_heat_ld32_rl64,0.07983960211277008,0.06980661302804947,latent,heat,0.07477530837059021
crossover_heat_ld32_rl64,185.31793212890625,31.311800003051758,state,heat,104.27432250976562
crossover_heat_ld32_rl64,0.0797940343618393,0.06980233639478683,latent_branch,heat,0.07475654780864716
crossover_heat_ld32_rl64,11.217438697814941,2.8527379035949707,hybrid_2,heat,7.843567848205566
crossover_heat_ld32_rl64,1.585478663444519,0.5680912137031555,hybrid_4,heat,1.2658538818359375
crossover_heat_ld32_rl64,0.3877786695957184,0.21536727249622345,hybrid_8,heat,0.3640443980693817
crossover_heat_ld32_rl64,0.17110119760036469,0.12205639481544495,hybrid_16,heat,0.17680390179157257
crossover_heat_ld32_rl80,0.07321089506149292,0.05955123156309128,latent,heat,0.06764436513185501
crossover_heat_ld32_rl80,56.28019332885742,11.372271537780762,state,heat,39.08013916015625
crossover_heat_ld32_rl80,0.07301510125398636,0.059538353234529495,latent_branch,heat,0.06757280975580215
crossover_heat_ld32_rl80,5.0507941246032715,1.4452382326126099,hybrid_2,heat,3.9106199741363525
crossover_heat_ld32_rl80,0.9563760161399841,0.40738645195961,hybrid_4,heat,0.8377823233604431
crossover_heat_ld32_rl80,0.3189390003681183,0.18706826865673065,hybrid_8,heat,0.3054564595222473
crossover_heat_ld32_rl80,0.1571856588125229,0.11255549639463425,hybrid_16,heat,0.16158775985240936
crossover_burgers_ld16_rl48,0.14698147773742676,0.08799619227647781,latent,burgers,0.11935483664274216
crossover_burgers_ld16_rl48,9.889001846313477,3.095386028289795,state,burgers,6.644678115844727
crossover_burgers_ld16_rl48,0.13718374073505402,0.08497796952724457,latent_branch,burgers,0.11281958967447281
crossover_burgers_ld16_rl48,2.152782678604126,0.8954459428787231,hybrid_2,burgers,1.6942473649978638
crossover_burgers_ld16_rl48,0.7667248249053955,0.3622356653213501,hybrid_4,burgers,0.6336094737052917
crossover_burgers_ld16_rl48,0.3355329632759094,0.18801048398017883,hybrid_8,burgers,0.29935210943222046
crossover_burgers_ld16_rl48,0.20197995007038116,0.12332292646169662,hybrid_16,burgers,0.18734052777290344
crossover_burgers_ld16_rl64,0.48907846212387085,0.16598038375377655,latent,burgers,0.32955726981163025
crossover_burgers_ld16_rl64,984.8795776367188,135.23040771484375,state,burgers,469.68096923828125
crossover_burgers_ld16_rl64,0.41210657358169556,0.1507992446422577,latent_branch,burgers,0.28452128171920776
crossover_burgers_ld16_rl64,17.720369338989258,4.606586456298828,hybrid_2,burgers,12.517982482910156
crossover_burgers_ld16_rl64,2.0154247283935547,0.805187463760376,hybrid_4,burgers,1.6672574281692505
crossover_burgers_ld16_rl64,0.7539858222007751,0.3547109365463257,hybrid_8,burgers,0.6697592735290527
crossover_burgers_ld16_rl64,0.4312896430492401,0.21129761636257172,hybrid_16,burgers,0.38185471296310425
crossover_burgers_ld16_rl80,inf,inf,latent,burgers,inf
crossover_burgers_ld16_rl80,1.000001072883606,1.000020146369934,state,burgers,1.000008463859558
crossover_burgers_ld16_rl80,inf,inf,latent_branch,burgers,inf
crossover_burgers_ld16_rl80,1.0000011920928955,1.0000065565109253,hybrid_2,burgers,1.0000056028366089
crossover_burgers_ld16_rl80,1.0000003576278687,0.9999955892562866,hybrid_4,burgers,1.0000027418136597
crossover_burgers_ld16_rl80,1.0003918409347534,1.0028135776519775,hybrid_8,burgers,1.0024901628494263
crossover_burgers_ld16_rl80,83.83334350585938,234.58985900878906,hybrid_16,burgers,227.53131103515625
crossover_burgers_ld24_rl48,0.11153355985879898,0.07169460505247116,latent,burgers,0.09309765696525574
crossover_burgers_ld24_rl48,442.81219482421875,56.25339889526367,state,burgers,160.19677734375
crossover_burgers_ld24_rl48,0.10923376679420471,0.07110229134559631,latent_branch,burgers,0.09162463992834091
crossover_burgers_ld24_rl48,8.748087882995605,2.170030117034912,hybrid_2,burgers,5.182027816772461
crossover_burgers_ld24_rl48,1.084417700767517,0.4286107122898102,hybrid_4,burgers,0.8203368186950684
crossover_burgers_ld24_rl48,0.35304737091064453,0.19074177742004395,hybrid_8,burgers,0.31202107667922974
crossover_burgers_ld24_rl48,0.19286544620990753,0.11784160137176514,hybrid_16,burgers,0.18371212482452393
crossover_burgers_ld24_rl64,0.5027432441711426,0.15770800411701202,latent,burgers,0.3404841721057892
crossover_burgers_ld24_rl64,318.0564270019531,48.501853942871094,state,burgers,160.2150421142578
crossover_burgers_ld24_rl64,0.47186151146888733,0.15025468170642853,latent_branch,burgers,0.3193155527114868
crossover_burgers_ld24_rl64,10.061614990234375,2.8098843097686768,hybrid_2,burgers,7.155354022979736
crossover_burgers_ld24_rl64,1.728070616722107,0.6856008172035217,hybrid_4,burgers,1.4391862154006958
crossover_burgers_ld24_rl64,0.6169667840003967,0.2895636558532715,hybrid_8,burgers,0.5418226718902588
crossover_burgers_ld24_rl64,0.38584500551223755,0.1808956265449524,hybrid_16,burgers,0.33308660984039307
crossover_burgers_ld24_rl80,3.3060251846598497e+24,5.033618972086099e+24,latent,burgers,5.033751558059129e+24
crossover_burgers_ld24_rl80,98.29251098632812,371.8006591796875,state,burgers,368.92852783203125
crossover_burgers_ld24_rl80,2.5195698683554543e+24,3.8361946974014275e+24,latent_branch,burgers,3.8362950015723283e+24
crossover_burgers_ld24_rl80,9.853256225585938,22.302579879760742,hybrid_2,burgers,22.28306007385254
crossover_burgers_ld24_rl80,24936602.0,40247824.0,hybrid_4,burgers,40248800.0
crossover_burgers_ld24_rl80,7330965487616.0,11757329317888.0,hybrid_8,burgers,11757634453504.0
crossover_burgers_ld24_rl80,6.543503277148111e+22,1.0599430690039172e+23,hybrid_16,burgers,1.0599706310336367e+23
crossover_burgers_ld32_rl48,0.10378103703260422,0.07393336296081543,latent,burgers,0.0897742435336113
crossover_burgers_ld32_rl48,71.87004852294922,12.6251859664917,state,burgers,33.23426055908203
crossover_burgers_ld32_rl48,0.10310713201761246,0.07385819405317307,latent_branch,burgers,0.08944880217313766
crossover_burgers_ld32_rl48,3.870084524154663,1.1640037298202515,hybrid_2,burgers,2.5270919799804688
crossover_burgers_ld32_rl48,0.7171183228492737,0.33618244528770447,hybrid_4,burgers,0.5858736634254456
crossover_burgers_ld32_rl48,0.30467310547828674,0.17375920712947845,hybrid_8,burgers,0.27250224351882935
crossover_burgers_ld32_rl48,0.17041122913360596,0.11129406094551086,hybrid_16,burgers,0.16262896358966827
crossover_burgers_ld32_rl64,0.2196824848651886,0.10159372538328171,latent,burgers,0.16553586721420288
crossover_burgers_ld32_rl64,35.119346618652344,8.65928840637207,state,burgers,22.239261627197266
crossover_burgers_ld32_rl64,0.2122708261013031,0.09996865689754486,latent_branch,burgers,0.1608750820159912
crossover_burgers_ld32_rl64,7.250563144683838,2.810673713684082,hybrid_2,burgers,6.269001007080078
crossover_burgers_ld32_rl64,2.79921293258667,0.934467613697052,hybrid_4,burgers,2.1928184032440186
crossover_burgers_ld32_rl64,0.6715699434280396,0.3088352382183075,hybrid_8,burgers,0.5874825119972229
crossover_burgers_ld32_rl64,0.3013811707496643,0.1645992547273636,hybrid_16,burgers,0.2796242833137512
crossover_burgers_ld32_rl80,8.170670260655711e+21,1.322835450558104e+22,latent,burgers,1.3228697905052628e+22
crossover_burgers_ld32_rl80,2.9263582757139506e+26,4.484027908609451e+26,state,burgers,4.4841448609668786e+26
crossover_burgers_ld32_rl80,7.960662906431798e+21,1.2888351874012984e+22,latent_branch,burgers,1.288868851808513e+22
crossover_burgers_ld32_rl80,2.671208524100403e+18,4.3543181090336276e+18,hybrid_2,burgers,4.3544310838533816e+18
crossover_burgers_ld32_rl80,8.712616896836403e+16,1.450419045793792e+17,hybrid_4,burgers,1.450456497908613e+17
crossover_burgers_ld32_rl80,9.923359841906275e+19,1.6493077277700417e+20,hybrid_8,burgers,1.6493504767821296e+20
crossover_burgers_ld32_rl80,2.1206694884975198e+21,3.477027736209435e+21,hybrid_16,burgers,3.477117526727006e+21
late_ground_proxy_heat,0.06049739569425583,0.05040767043828964,latent,heat,0.056939151138067245
late_ground_proxy_heat,7.535642147064209,3.4447402954101562,state,heat,6.9111247062683105
late_ground_proxy_heat,0.06049739569425583,0.05040767043828964,latent_branch,heat,0.056939151138067245
late_ground_proxy_heat,4.647136688232422,1.6617776155471802,hybrid_2,heat,4.155241966247559
late_ground_proxy_heat,1.3469349145889282,0.5111256241798401,hybrid_4,heat,1.1989622116088867
late_ground_proxy_heat,0.37130269408226013,0.1979101449251175,hybrid_8,heat,0.35360148549079895
late_ground_proxy_heat,0.15703518688678741,0.10912404209375381,hybrid_16,heat,0.16109389066696167
late_ground_proxy_wave,0.44340288639068604,0.2641434073448181,latent,wave,0.4055391550064087
late_ground_proxy_wave,7.644094467163086,4.402381420135498,state,wave,6.9641432762146
late_ground_proxy_wave,0.4249645173549652,0.25731268525123596,latent_branch,wave,0.3900092542171478
late_ground_proxy_wave,3.5404393672943115,1.9754142761230469,hybrid_2,wave,3.3251354694366455
late_ground_proxy_wave,1.8216863870620728,1.0033864974975586,hybrid_4,wave,1.7374144792556763
late_ground_proxy_wave,0.9059135317802429,0.5404655933380127,hybrid_8,wave,0.8671448230743408
late_ground_proxy_wave,0.58701092004776,0.3746635913848877,hybrid_16,wave,0.5708708167076111
late_ground_proxy_burgers,,,latent,burgers,
late_ground_proxy_burgers,,,state,burgers,
late_ground_proxy_burgers,,,latent_branch,burgers,
late_ground_proxy_burgers,,,hybrid_2,burgers,
late_ground_proxy_burgers,,,hybrid_4,burgers,
late_ground_proxy_burgers,,,hybrid_8,burgers,
late_ground_proxy_burgers,,,hybrid_16,burgers,
late_ground_proxy_reaction_diffusion,0.005888180807232857,0.002908982802182436,latent,reaction_diffusion,0.004606308881193399
late_ground_proxy_reaction_diffusion,0.0111621068790555,0.0045285639353096485,state,reaction_diffusion,0.008164308033883572
late_ground_proxy_reaction_diffusion,0.007461216300725937,0.004128839820623398,latent_branch,reaction_diffusion,0.006048875395208597
late_ground_proxy_reaction_diffusion,0.00680994987487793,0.003207738744094968,hybrid_2,reaction_diffusion,0.004944522865116596
late_ground_proxy_reaction_diffusion,0.004245226737111807,0.0026396317407488823,hybrid_4,reaction_diffusion,0.0033982100430876017
late_ground_proxy_reaction_diffusion,0.0038697959389537573,0.0024693000596016645,hybrid_8,reaction_diffusion,0.0031786819454282522
late_ground_proxy_reaction_diffusion,0.004076443146914244,0.0024205297231674194,hybrid_16,reaction_diffusion,0.003294333117082715
