direct_ground_damage_rel_mse,experiment,latent_damage_mse,state_damage_rel_mse,step,system
0.00010788284271256998,single_horizon_ablation,0.07963013648986816,0.013868071138858795,1,heat
9.396169480169192e-05,single_horizon_ablation,0.029523329809308052,0.008215219713747501,2,heat
9.130837861448526e-05,single_horizon_ablation,0.02011692523956299,0.006630598101764917,3,heat
9.352739289170131e-05,single_horizon_ablation,0.016958752647042274,0.005999625660479069,4,heat
9.254262840840966e-05,single_horizon_ablation,0.015129481442272663,0.005611268337816,5,heat
9.979640890378505e-05,single_horizon_ablation,0.014781246893107891,0.00558487931266427,6,heat
9.722363029140979e-05,single_horizon_ablation,0.015060730278491974,0.005686406511813402,7,heat
0.00010020507761510089,single_horizon_ablation,0.01604667492210865,0.005894843023270369,8,heat
0.00010095819015987217,single_horizon_ablation,0.01761617325246334,0.006161801517009735,9,heat
0.00010312088852515444,single_horizon_ablation,0.019023451954126358,0.006282602436840534,10,heat
0.00010552334424573928,single_horizon_ablation,0.020700940862298012,0.00632347771897912,11,heat
0.00011351628927513957,single_horizon_ablation,0.021992461755871773,0.006121031474322081,12,heat
0.00012429096386767924,single_horizon_ablation,0.024044804275035858,0.006110760848969221,13,heat
0.00011841494415421039,single_horizon_ablation,0.025401150807738304,0.00586497038602829,14,heat
0.00011015335621777922,single_horizon_ablation,0.026469001546502113,0.005482643377035856,15,heat
0.00012080014130333439,single_horizon_ablation,0.0266557689756155,0.004956937860697508,16,heat
0.0003031986125279218,single_horizon_ablation,0.11337932199239731,0.022970588877797127,1,wave
0.0002945912419818342,single_horizon_ablation,0.046898651868104935,0.014256016351282597,2,wave
0.00028356685652397573,single_horizon_ablation,0.031116649508476257,0.010905246250331402,3,wave
0.00028145010583102703,single_horizon_ablation,0.024744980037212372,0.009333821013569832,4,wave
0.00027834760840050876,single_horizon_ablation,0.022990992292761803,0.00887179747223854,5,wave
0.0002862043329514563,single_horizon_ablation,0.022705646231770515,0.008759746327996254,6,wave
0.0002948529436253011,single_horizon_ablation,0.023712338879704475,0.008681156672537327,7,wave
0.00031651093740947545,single_horizon_ablation,0.024808138608932495,0.008504867553710938,8,wave
0.0003239933867007494,single_horizon_ablation,0.025791019201278687,0.008151540532708168,9,wave
0.00033165307831950486,single_horizon_ablation,0.026525497436523438,0.0076690493151545525,10,wave
0.00035469201975502074,single_horizon_ablation,0.02711576037108898,0.006988115143030882,11,wave
0.0003681505040731281,single_horizon_ablation,0.027210138738155365,0.006298513151705265,12,wave
0.00034277583472430706,single_horizon_ablation,0.027272241190075874,0.00599606242030859,13,wave
0.0003664143441710621,single_horizon_ablation,0.027570685371756554,0.006099659949541092,14,wave
0.0003481151652522385,single_horizon_ablation,0.029369236901402473,0.006482317578047514,15,wave
0.00035513329203240573,single_horizon_ablation,0.03321949020028114,0.006555457599461079,16,wave
0.00012606939708348364,single_horizon_ablation,0.07955346256494522,0.015520032495260239,1,burgers
0.00011611560330493376,single_horizon_ablation,0.036238476634025574,0.009839109145104885,2,burgers
0.00012073721154592931,single_horizon_ablation,0.02615116350352764,0.008424144238233566,3,burgers
0.00011981842544628307,single_horizon_ablation,0.022739188745617867,0.008256198838353157,4,burgers
0.00012098039587726817,single_horizon_ablation,0.02219603769481182,0.008702156133949757,5,burgers
0.00011325299419695511,single_horizon_ablation,0.02399371564388275,0.009558198042213917,6,burgers
0.00011883398110512644,single_horizon_ablation,0.02676543779671192,0.010371583513915539,7,burgers
0.0001276668335776776,single_horizon_ablation,0.030442742630839348,0.010983429849147797,8,burgers
0.00011878719669766724,single_horizon_ablation,0.03431762009859085,0.011308572255074978,9,burgers
0.00012004314339719713,single_horizon_ablation,0.03744614124298096,0.011231331154704094,10,burgers
0.00011870355228893459,single_horizon_ablation,0.041336312890052795,0.011421045288443565,11,burgers
0.00012542247714009136,single_horizon_ablation,0.045837461948394775,0.011721957474946976,12,burgers
0.00012528734805528075,single_horizon_ablation,0.05591389536857605,0.0126885324716568,13,burgers
0.00012171034177299589,single_horizon_ablation,0.06832460314035416,0.01286617573350668,14,burgers
0.00014220636512618512,single_horizon_ablation,0.07878176122903824,0.01243023294955492,15,burgers
0.00013985001714900136,single_horizon_ablation,0.08466529101133347,0.011359523050487041,16,burgers
7.139102672226727e-05,single_horizon_ablation,5.712849451811053e-05,1.2413132026267704e-05,1,reaction_diffusion
6.819066038588062e-05,single_horizon_ablation,9.557516023050994e-06,4.152044311922509e-06,2,reaction_diffusion
6.659778591711074e-05,single_horizon_ablation,3.7350409911596216e-06,1.7644958916207543e-06,3,reaction_diffusion
6.0377977206371725e-05,single_horizon_ablation,1.6640424291836098e-06,7.649630902051285e-07,4,reaction_diffusion
5.317093018675223e-05,single_horizon_ablation,2.8223448680364527e-06,1.4981999356677989e-06,5,reaction_diffusion
4.6185643441276625e-05,single_horizon_ablation,4.419503511599032e-06,2.527083779568784e-06,6,reaction_diffusion
4.315421392675489e-05,single_horizon_ablation,1.0433918760099914e-05,6.300527275016066e-06,7,reaction_diffusion
3.633191590779461e-05,single_horizon_ablation,1.534101647848729e-05,9.633850822865497e-06,8,reaction_diffusion
3.3101183362305164e-05,single_horizon_ablation,1.427283223165432e-05,9.136238077189773e-06,9,reaction_diffusion
2.909046997956466e-05,single_horizon_ablation,1.3283020052767824e-05,8.721071026229765e-06,10,reaction_diffusion
2.507769204385113e-05,single_horizon_ablation,1.915536449814681e-05,1.2777883966919035e-05,11,reaction_diffusion
2.0739769752253778e-05,single_horizon_ablation,1.6577627320657484e-05,1.1059047210437711e-05,12,reaction_diffusion
1.819158387661446e-05,single_horizon_ablation,1.4193381502991542e-05,9.601272722647991e-06,13,reaction_diffusion
1.4063053640711587e-05,single_horizon_ablation,1.5116532267711591e-05,1.025728397507919e-05,14,reaction_diffusion
1.2008862540824339e-05,single_horizon_ablation,1.1847026144096162e-05,8.05651507107541e-06,15,reaction_diffusion
1.0087367627420463e-05,single_horizon_ablation,9.401746865478344e-06,6.232933628780302e-06,16,reaction_diffusion
7.132005703169852e-05,crossover_reaction_diffusion_ld16_rl48,2.976354880956933e-05,3.76067168872396e-06,1,reaction_diffusion
6.295507773756981e-05,crossover_reaction_diffusion_ld16_rl48,2.104950908687897e-06,4.966335040990089e-07,2,reaction_diffusion
5.598467760137282e-05,crossover_reaction_diffusion_ld16_rl48,2.3972770577529445e-06,1.168912945104239e-06,3,reaction_diffusion
5.370701910578646e-05,crossover_reaction_diffusion_ld16_rl48,5.778292688773945e-06,3.254619741710485e-06,4,reaction_diffusion
5.4778080084361136e-05,crossover_reaction_diffusion_ld16_rl48,4.923296728520654e-06,3.0542605600203387e-06,5,reaction_diffusion
5.033013439970091e-05,crossover_reaction_diffusion_ld16_rl48,7.400330559903523e-06,4.7334910959762055e-06,6,reaction_diffusion
4.772397005581297e-05,crossover_reaction_diffusion_ld16_rl48,6.951565865165321e-06,4.355765213404084e-06,7,reaction_diffusion
4.1768067603698e-05,crossover_reaction_diffusion_ld16_rl48,8.133441042446066e-06,5.229092494118959e-06,8,reaction_diffusion
3.9133101381594315e-05,crossover_reaction_diffusion_ld16_rl48,6.403487532224972e-06,4.210750830679899e-06,9,reaction_diffusion
3.4266948205186054e-05,crossover_reaction_diffusion_ld16_rl48,6.178719559102319e-06,4.086962690053042e-06,10,reaction_diffusion
2.9332102712942287e-05,crossover_reaction_diffusion_ld16_rl48,4.179225925327046e-06,2.6820491711987415e-06,11,reaction_diffusion
2.87254988506902e-05,crossover_reaction_diffusion_ld16_rl48,3.600202717279899e-06,2.239441073470516e-06,12,reaction_diffusion
2.400828270765487e-05,crossover_reaction_diffusion_ld16_rl48,2.5969723083107965e-06,1.6775483118181e-06,13,reaction_diffusion
1.8784279745887034e-05,crossover_reaction_diffusion_ld16_rl48,1.5736658269815962e-06,9.820075774769066e-07,14,reaction_diffusion
1.8383405404165387e-05,crossover_reaction_diffusion_ld16_rl48,1.3702842807106208e-06,8.076484050434374e-07,15,reaction_diffusion
1.4367282346938737e-05,crossover_reaction_diffusion_ld16_rl48,1.2801483535440639e-06,7.967229862515524e-07,16,reaction_diffusion
7.660187111468986e-05,crossover_reaction_diffusion_ld16_rl64,0.0003776189696509391,5.400026202551089e-05,1,reaction_diffusion
6.885324546601623e-05,crossover_reaction_diffusion_ld16_rl64,0.00015460673603229225,2.704305552470032e-05,2,reaction_diffusion
6.267751450650394e-05,crossover_reaction_diffusion_ld16_rl64,7.83477007644251e-05,1.4986148016760126e-05,3,reaction_diffusion
5.784106542705558e-05,crossover_reaction_diffusion_ld16_rl64,4.4055388570996e-05,9.538977792544756e-06,4,reaction_diffusion
5.248759771347977e-05,crossover_reaction_diffusion_ld16_rl64,3.2804717193357646e-05,8.247097866842523e-06,5,reaction_diffusion
4.824602001463063e-05,crossover_reaction_diffusion_ld16_rl64,2.4708988348720595e-05,7.648575774510391e-06,6,reaction_diffusion
4.384002022561617e-05,crossover_reaction_diffusion_ld16_rl64,2.1778456357424147e-05,8.196620910894126e-06,7,reaction_diffusion
3.932009349227883e-05,crossover_reaction_diffusion_ld16_rl64,1.9584043911891058e-05,8.965515007730573e-06,8,reaction_diffusion
3.4305976441828534e-05,crossover_reaction_diffusion_ld16_rl64,1.7986483726417646e-05,9.32822786126053e-06,9,reaction_diffusion
3.0091259759501554e-05,crossover_reaction_diffusion_ld16_rl64,1.6800897356006317e-05,1.0375951205787715e-05,10,reaction_diffusion
2.603191023808904e-05,crossover_reaction_diffusion_ld16_rl64,1.812514710763935e-05,1.1344194717821665e-05,11,reaction_diffusion
2.0992158169974573e-05,crossover_reaction_diffusion_ld16_rl64,1.8610442566568963e-05,1.1475869541754946e-05,12,reaction_diffusion
1.8675940737011842e-05,crossover_reaction_diffusion_ld16_rl64,1.6920121197472326e-05,1.21371931527392e-05,13,reaction_diffusion
1.5789612007210962e-05,crossover_reaction_diffusion_ld16_rl64,1.6603929907432757e-05,1.2413142030709423e-05,14,reaction_diffusion
1.3527788723877165e-05,crossover_reaction_diffusion_ld16_rl64,1.61720654432429e-05,1.2275133485672995e-05,15,reaction_diffusion
1.0909358934441116e-05,crossover_reaction_diffusion_ld16_rl64,1.5763691408210434e-05,1.256660652870778e-05,16,reaction_diffusion
7.380615716101602e-05,crossover_reaction_diffusion_ld16_rl80,0.0002653370320331305,3.714021295309067e-05,1,reaction_diffusion
7.007304520811886e-05,crossover_reaction_diffusion_ld16_rl80,0.00013959516945760697,2.7991776732960716e-05,2,reaction_diffusion
6.54875548207201e-05,crossover_reaction_diffusion_ld16_rl80,9.025827603181824e-05,2.597805723780766e-05,3,reaction_diffusion
6.0703125200234354e-05,crossover_reaction_diffusion_ld16_rl80,6.954065611353144e-05,2.599192339403089e-05,4,reaction_diffusion
5.6281940487679094e-05,crossover_reaction_diffusion_ld16_rl80,5.5907032219693065e-05,2.5137833290500566e-05,5,reaction_diffusion
5.179356230655685e-05,crossover_reaction_diffusion_ld16_rl80,4.690908463089727e-05,2.4665470846230164e-05,6,reaction_diffusion
4.807933873962611e-05,crossover_reaction_diffusion_ld16_rl80,4.2252697312505916e-05,2.3824874006095342e-05,7,reaction_diffusion
4.380220707389526e-05,crossover_reaction_diffusion_ld16_rl80,3.624643068178557e-05,2.2431029719882645e-05,8,reaction_diffusion
4.114788316655904e-05,crossover_reaction_diffusion_ld16_rl80,2.8441714675864205e-05,1.8345990611123852e-05,9,reaction_diffusion
3.75048111891374e-05,crossover_reaction_diffusion_ld16_rl80,2.5461489713052288e-05,1.6701704225852154e-05,10,reaction_diffusion
3.3700463973218575e-05,crossover_reaction_diffusion_ld16_rl80,2.2392028768081218e-05,1.5482748494832776e-05,11,reaction_diffusion
3.104519419139251e-05,crossover_reaction_diffusion_ld16_rl80,2.0850831788266078e-05,1.3902077625971287e-05,12,reaction_diffusion
2.8319411285337992e-05,crossover_reaction_diffusion_ld16_rl80,1.8062119124806486e-05,1.216126747749513e-05,13,reaction_diffusion
2.453379966027569e-05,crossover_reaction_diffusion_ld16_rl80,1.7103013306041248e-05,1.1253953744017053e-05,14,reaction_diffusion
2.1988946173223667e-05,crossover_reaction_diffusion_ld16_rl80,1.6361842426704243e-05,1.0594163541099988e-05,15,reaction_diffusion
1.956368396349717e-05,crossover_reaction_diffusion_ld16_rl80,1.58737620949978e-05,9.936501555785071e-06,16,reaction_diffusion
7.472195284208283e-05,crossover_reaction_diffusion_ld24_rl48,5.228581721894443e-05,1.0535397450439632e-05,1,reaction_diffusion
6.307088915491477e-05,crossover_reaction_diffusion_ld24_rl48,4.381312010082183e-06,1.5770883692312054e-06,2,reaction_diffusion
5.7448065490461886e-05,crossover_reaction_diffusion_ld24_rl48,1.1926483693969203e-06,2.762969302239071e-07,3,reaction_diffusion
5.691780461347662e-05,crossover_reaction_diffusion_ld24_rl48,2.247393922516494e-06,9.60048737397301e-07,4,reaction_diffusion
5.194872210267931e-05,crossover_reaction_diffusion_ld24_rl48,6.7583678173832595e-06,3.6769156395166647e-06,5,reaction_diffusion
5.121140566188842e-05,crossover_reaction_diffusion_ld24_rl48,1.0511473192309495e-05,6.111126367613906e-06,6,reaction_diffusion
4.614863792085089e-05,crossover_reaction_diffusion_ld24_rl48,1.2756303476635367e-05,7.693326551816426e-06,7,reaction_diffusion
4.018195977550931e-05,crossover_reaction_diffusion_ld24_rl48,9.479633263254073e-06,5.760263320553349e-06,8,reaction_diffusion
3.3855889341793954e-05,crossover_reaction_diffusion_ld24_rl48,8.512767635693308e-06,5.296980361890746e-06,9,reaction_diffusion
3.320976611576043e-05,crossover_reaction_diffusion_ld24_rl48,7.583236310892971e-06,4.784427801496349e-06,10,reaction_diffusion
2.991099245264195e-05,crossover_reaction_diffusion_ld24_rl48,4.9957834562519565e-06,3.1498059342993656e-06,11,reaction_diffusion
2.4237899197032675e-05,crossover_reaction_diffusion_ld24_rl48,3.924275915778708e-06,2.535883140808437e-06,12,reaction_diffusion
2.4466142349410802e-05,crossover_reaction_diffusion_ld24_rl48,2.1629195998684736e-06,1.3672814702658798e-06,13,reaction_diffusion
1.8708655261434615e-05,crossover_reaction_diffusion_ld24_rl48,1.400309997734439e-06,8.869863563631952e-07,14,reaction_diffusion
1.839282595028635e-05,crossover_reaction_diffusion_ld24_rl48,4.187810418443405e-07,1.989035922633775e-07,15,reaction_diffusion
1.4028903024154715e-05,crossover_reaction_diffusion_ld24_rl48,2.522150168715598e-07,1.2359997469957307e-07,16,reaction_diffusion
7.028952677501366e-05,crossover_reaction_diffusion_ld24_rl64,6.197716720635071e-05,1.649456135055516e-05,1,reaction_diffusion
6.596456660190597e-05,crossover_reaction_diffusion_ld24_rl64,1.056751989381155e-05,5.042900284024654e-06,2,reaction_diffusion
5.7493110944051296e-05,crossover_reaction_diffusion_ld24_rl64,3.0035719191801036e-06,1.5437765341630438e-06,3,reaction_diffusion
5.973138831905089e-05,crossover_reaction_diffusion_ld24_rl64,5.087567274131288e-07,1.0870577682453586e-07,4,reaction_diffusion
5.398490611696616e-05,crossover_reaction_diffusion_ld24_rl64,1.42410681291949e-06,4.269666931122629e-07,5,reaction_diffusion
4.785359851666726e-05,crossover_reaction_diffusion_ld24_rl64,6.83347877838969e-07,3.0394912187148293e-07,6,reaction_diffusion
4.416632145876065e-05,crossover_reaction_diffusion_ld24_rl64,2.3852246044953063e-07,2.1331112876055158e-08,7,reaction_diffusion
3.8225160096772015e-05,crossover_reaction_diffusion_ld24_rl64,7.346639563365898e-07,3.746618517652678e-07,8,reaction_diffusion
3.559792821761221e-05,crossover_reaction_diffusion_ld24_rl64,4.963643505107029e-07,2.7613029374151665e-07,9,reaction_diffusion
3.062138057430275e-05,crossover_reaction_diffusion_ld24_rl64,1.699514768915833e-07,7.125657930373563e-08,10,reaction_diffusion
2.512680657673627e-05,crossover_reaction_diffusion_ld24_rl64,1.520107701935558e-07,5.700088934190717e-08,11,reaction_diffusion
2.2263824575929902e-05,crossover_reaction_diffusion_ld24_rl64,2.0534012890038866e-07,5.370881694943819e-08,12,reaction_diffusion
2.187622339988593e-05,crossover_reaction_diffusion_ld24_rl64,1.495011048291417e-07,6.090089499366513e-08,13,reaction_diffusion
1.8313226973987184e-05,crossover_reaction_diffusion_ld24_rl64,2.7549535275284143e-07,1.503161684013321e-07,14,reaction_diffusion
1.391337991663022e-05,crossover_reaction_diffusion_ld24_rl64,3.865377493639244e-07,2.7218945319873455e-07,15,reaction_diffusion
1.2437471013981849e-05,crossover_reaction_diffusion_ld24_rl64,3.0920796234568115e-07,1.870750878651961e-07,16,reaction_diffusion
7.630695472471416e-05,crossover_reaction_diffusion_ld24_rl80,0.0010837757727131248,6.9634617830161e-05,1,reaction_diffusion
6.774380744900554e-05,crossover_reaction_diffusion_ld24_rl80,0.0001133549667429179,1.3977874004922342e-05,2,reaction_diffusion
6.177533941809088e-05,crossover_reaction_diffusion_ld24_rl80,1.913127380248625e-05,3.878970801451942e-06,3,reaction_diffusion
6.082181789679453e-05,crossover_reaction_diffusion_ld24_rl80,6.911830951139564e-06,2.1323985492927022e-06,4,reaction_diffusion
5.2884141041431576e-05,crossover_reaction_diffusion_ld24_rl80,4.765397079609102e-06,2.413106585663627e-06,5,reaction_diffusion
4.499307760852389e-05,crossover_reaction_diffusion_ld24_rl80,3.917547019227641e-06,2.46679269366723e-06,6,reaction_diffusion
4.2481085984036326e-05,crossover_reaction_diffusion_ld24_rl80,3.890026619046694e-06,2.5958079277188517e-06,7,reaction_diffusion
3.783054853556678e-05,crossover_reaction_diffusion_ld24_rl80,5.018996489525307e-06,3.7724398680438753e-06,8,reaction_diffusion
3.195039971615188e-05,crossover_reaction_diffusion_ld24_rl80,6.4291548369510565e-06,4.941148290527053e-06,9,reaction_diffusion
3.029233994311653e-05,crossover_reaction_diffusion_ld24_rl80,7.987084245542064e-06,6.364683031279128e-06,10,reaction_diffusion
2.3985183361219242e-05,crossover_reaction_diffusion_ld24_rl80,8.566616088501178e-06,7.286274467332987e-06,11,reaction_diffusion
2.211721584899351e-05,crossover_reaction_diffusion_ld24_rl80,8.785305908531882e-06,6.565787316503702e-06,12,reaction_diffusion
1.9259043256170116e-05,crossover_reaction_diffusion_ld24_rl80,7.066557827783981e-06,6.13333577348385e-06,13,reaction_diffusion
1.5843044820940122e-05,crossover_reaction_diffusion_ld24_rl80,6.7869736994907726e-06,5.3429407671501394e-06,14,reaction_diffusion
1.261244233319303e-05,crossover_reaction_diffusion_ld24_rl80,5.94456059843651e-06,4.681184236687841e-06,15,reaction_diffusion
1.0227040547761135e-05,crossover_reaction_diffusion_ld24_rl80,4.903808530798415e-06,3.7564291233138647e-06,16,reaction_diffusion
7.396015280392021e-05,crossover_reaction_diffusion_ld32_rl48,3.316914080642164e-05,6.485463472927222e-06,1,reaction_diffusion
6.732023757649586e-05,crossover_reaction_diffusion_ld32_rl48,2.386425421718741e-06,1.8371573560216348e-06,2,reaction_diffusion
6.270958692766726e-05,crossover_reaction_diffusion_ld32_rl48,3.119540679108468e-07,1.2266843896213686e-07,3,reaction_diffusion
5.8599809563020244e-05,crossover_reaction_diffusion_ld32_rl48,2.584204423783376e-07,1.3231091600118816e-07,4,reaction_diffusion
5.414714178186841e-05,crossover_reaction_diffusion_ld32_rl48,3.76413311187207e-07,3.191253199474886e-07,5,reaction_diffusion
4.954425457981415e-05,crossover_reaction_diffusion_ld32_rl48,7.380911171139815e-08,2.1796164872966983e-08,6,reaction_diffusion
4.445257582119666e-05,crossover_reaction_diffusion_ld32_rl48,2.1975503727844625e-07,1.6556823823066225e-07,7,reaction_diffusion
3.917744106729515e-05,crossover_reaction_diffusion_ld32_rl48,6.653223749708559e-08,1.1406713795736323e-08,8,reaction_diffusion
3.6364621337270364e-05,crossover_reaction_diffusion_ld32_rl48,2.7592574269874603e-07,1.4847846330212633e-07,9,reaction_diffusion
3.310732790851034e-05,crossover_reaction_diffusion_ld32_rl48,3.535537871357519e-07,2.3499977430674335e-07,10,reaction_diffusion
2.8343252779450268e-05,crossover_reaction_diffusion_ld32_rl48,2.8720216960209655e-07,2.1091314295063057e-07,11,reaction_diffusion
2.370524816797115e-05,crossover_reaction_diffusion_ld32_rl48,6.309634841272782e-07,5.382506742535043e-07,12,reaction_diffusion
1.9947008695453405e-05,crossover_reaction_diffusion_ld32_rl48,1.2843971717302338e-06,1.2062981795679661e-06,13,reaction_diffusion
1.663358671066817e-05,crossover_reaction_diffusion_ld32_rl48,6.004991064401111e-07,4.663765480472648e-07,14,reaction_diffusion
1.4532891327689867e-05,crossover_reaction_diffusion_ld32_rl48,1.641461722101667e-06,1.52823997723317e-06,15,reaction_diffusion
1.3748314813710749e-05,crossover_reaction_diffusion_ld32_rl48,1.9000199245056137e-06,1.7076160929718753e-06,16,reaction_diffusion
7.478943007299677e-05,crossover_reaction_diffusion_ld32_rl64,0.00019572483142837882,1.4584300515707582e-05,1,reaction_diffusion
7.005182123975828e-05,crossover_reaction_diffusion_ld32_rl64,1.4940652363293339e-05,1.0625019967847038e-05,2,reaction_diffusion
6.484622281277552e-05,crossover_reaction_diffusion_ld32_rl64,1.681034882494714e-05,1.4713279597344808e-05,3,reaction_diffusion
6.026326445862651e-05,crossover_reaction_diffusion_ld32_rl64,1.997723120439332e-05,1.8379070752416737e-05,4,reaction_diffusion
5.542450526263565e-05,crossover_reaction_diffusion_ld32_rl64,2.435779242659919e-05,2.32925740419887e-05,5,reaction_diffusion
5.1096078095724806e-05,crossover_reaction_diffusion_ld32_rl64,2.4151371690095402e-05,2.3786871679476462e-05,6,reaction_diffusion
5.0037328037433326e-05,crossover_reaction_diffusion_ld32_rl64,2.6168738259002566e-05,2.5958841433748603e-05,7,reaction_diffusion
4.5054039219394326e-05,crossover_reaction_diffusion_ld32_rl64,2.7885274903383106e-05,2.809601392073091e-05,8,reaction_diffusion
4.017947139800526e-05,crossover_reaction_diffusion_ld32_rl64,2.5491708584013395e-05,2.6731135221780278e-05,9,reaction_diffusion
3.573919093469158e-05,crossover_reaction_diffusion_ld32_rl64,2.7951347874477506e-05,2.8886030122521333e-05,10,reaction_diffusion
3.171822754666209e-05,crossover_reaction_diffusion_ld32_rl64,2.9572442144853994e-05,3.081301838392392e-05,11,reaction_diffusion
2.8106835088692605e-05,crossover_reaction_diffusion_ld32_rl64,3.133151403744705e-05,3.316290531074628e-05,12,reaction_diffusion
2.730365304159932e-05,crossover_reaction_diffusion_ld32_rl64,3.305964492028579e-05,3.4824050089810044e-05,13,reaction_diffusion
2.7525244149728678e-05,crossover_reaction_diffusion_ld32_rl64,3.3958924177568406e-05,3.567546445992775e-05,14,reaction_diffusion
2.4100259906845167e-05,crossover_reaction_diffusion_ld32_rl64,3.358101821504533e-05,3.558157550287433e-05,15,reaction_diffusion
2.071780363621656e-05,crossover_reaction_diffusion_ld32_rl64,3.0588649678975344e-05,3.2531257602386177e-05,16,reaction_diffusion
7.408674719044939e-05,crossover_reaction_diffusion_ld32_rl80,0.0004799054586328566,6.328493327600881e-05,1,reaction_diffusion
6.809722981415689e-05,crossover_reaction_diffusion_ld32_rl80,0.00013367491192184389,2.637898978719022e-05,2,reaction_diffusion
6.326872244244441e-05,crossover_reaction_diffusion_ld32_rl80,6.393190415110439e-05,1.949957004399039e-05,3,reaction_diffusion
5.775311728939414e-05,crossover_reaction_diffusion_ld32_rl80,3.9593283872818574e-05,1.875576526799705e-05,4,reaction_diffusion
5.324459198163822e-05,crossover_reaction_diffusion_ld32_rl80,3.095642023254186e-05,1.92149182112189e-05,5,reaction_diffusion
4.894436278846115e-05,crossover_reaction_diffusion_ld32_rl80,2.5553328669047914e-05,1.848571810114663e-05,6,reaction_diffusion
4.429421096574515e-05,crossover_reaction_diffusion_ld32_rl80,2.057020719803404e-05,1.632479325053282e-05,7,reaction_diffusion
4.1645787860034034e-05,crossover_reaction_diffusion_ld32_rl80,1.7459831724409014e-05,1.4319820365926716e-05,8,reaction_diffusion
3.819531775661744e-05,crossover_reaction_diffusion_ld32_rl80,1.4674874364573043e-05,1.2382518434606027e-05,9,reaction_diffusion
3.381200440344401e-05,crossover_reaction_diffusion_ld32_rl80,1.153368521045195e-05,9.601159945304971e-06,10,reaction_diffusion
3.088448283961043e-05,crossover_reaction_diffusion_ld32_rl80,1.0590016245259903e-05,8.514653927704785e-06,11,reaction_diffusion
2.8146710974397138e-05,crossover_reaction_diffusion_ld32_rl80,8.248386620834935e-06,6.4005525928223506e-06,12,reaction_diffusion
2.3913005861686543e-05,crossover_reaction_diffusion_ld32_rl80,6.693094746879069e-06,5.383751158660743e-06,13,reaction_diffusion
2.1760884919785894e-05,crossover_reaction_diffusion_ld32_rl80,6.235704859136604e-06,4.493658252613386e-06,14,reaction_diffusion
1.8625860320753418e-05,crossover_reaction_diffusion_ld32_rl80,5.1408278523012996e-06,3.6258802538213786e-06,15,reaction_diffusion
1.5684105164837092e-05,crossover_reaction_diffusion_ld32_rl80,4.204136985208606e-06,3.08827497974562e-06,16,reaction_diffusion
0.00010565583215793595,crossover_heat_ld16_rl48,0.08090390264987946,0.013979415409266949,1,heat
9.511160897091031e-05,crossover_heat_ld16_rl48,0.03543338179588318,0.00878935120999813,2,heat
9.831472561927512e-05,crossover_heat_ld16_rl48,0.02500254660844803,0.007332058623433113,3,heat
9.697560017229989e-05,crossover_heat_ld16_rl48,0.021342407912015915,0.006941124331206083,4,heat
9.625212260289118e-05,crossover_heat_ld16_rl48,0.019842565059661865,0.006916441489011049,5,heat
9.843122097663581e-05,crossover_heat_ld16_rl48,0.01883966103196144,0.006984293926507235,6,heat
0.000106161976873409,crossover_heat_ld16_rl48,0.018960081040859222,0.0071787345223128796,7,heat
0.00010165184357902035,crossover_heat_ld16_rl48,0.019342409446835518,0.007076167967170477,8,heat
0.00011494402133394033,crossover_heat_ld16_rl48,0.01987602934241295,0.006831110455095768,9,heat
0.00011818796338047832,crossover_heat_ld16_rl48,0.020542021840810776,0.006569191813468933,10,heat
0.00012051455996697769,crossover_heat_ld16_rl48,0.021787390112876892,0.006516744382679462,11,heat
0.00013031855633016676,crossover_heat_ld16_rl48,0.022432489320635796,0.006311738397926092,12,heat
0.00013627466978505254,crossover_heat_ld16_rl48,0.025551812723279,0.006754156667739153,13,heat
0.00014902601833455265,crossover_heat_ld16_rl48,0.02853826805949211,0.006886224262416363,14,heat
0.00014147089677862823,crossover_heat_ld16_rl48,0.030161887407302856,0.0065903859212994576,15,heat
0.00015406424063257873,crossover_heat_ld16_rl48,0.02950623631477356,0.006243274547159672,16,heat
9.700954251457006e-05,crossover_heat_ld16_rl64,0.06055540218949318,0.013074159622192383,1,heat
8.905270806280896e-05,crossover_heat_ld16_rl64,0.029156463220715523,0.008649371564388275,2,heat
8.265442738775164e-05,crossover_heat_ld16_rl64,0.020490553230047226,0.007083419244736433,3,heat
8.798870840109885e-05,crossover_heat_ld16_rl64,0.01686134561896324,0.006460861768573523,4,heat
8.939511462813243e-05,crossover_heat_ld16_rl64,0.01531269308179617,0.006376915145665407,5,heat
9.02300380403176e-05,crossover_heat_ld16_rl64,0.014984228648245335,0.0065156747587025166,6,heat
9.386546298628673e-05,crossover_heat_ld16_rl64,0.015751913189888,0.006760283373296261,7,heat
9.308799053542316e-05,crossover_heat_ld16_rl64,0.01697928085923195,0.007074494380503893,8,heat
0.00010844421194633469,crossover_heat_ld16_rl64,0.01875964179635048,0.007336137350648642,9,heat
0.00010818650480359793,crossover_heat_ld16_rl64,0.021465852856636047,0.007743150927126408,10,heat
0.00011140564311062917,crossover_heat_ld16_rl64,0.02460416592657566,0.008046794682741165,11,heat
0.00010435210424475372,crossover_heat_ld16_rl64,0.028254343196749687,0.008217628113925457,12,heat
0.00012197576143080369,crossover_heat_ld16_rl64,0.02937498316168785,0.007435931824147701,13,heat
0.0001264895690837875,crossover_heat_ld16_rl64,0.028948651626706123,0.006690344773232937,14,heat
0.00012175265146652237,crossover_heat_ld16_rl64,0.027584312483668327,0.006009567994624376,15,heat
0.0001304168108617887,crossover_heat_ld16_rl64,0.027196664363145828,0.005653550382703543,16,heat
8.693037671037018e-05,crossover_heat_ld16_rl80,0.0497763492166996,0.01080347504466772,1,heat
8.362741937162355e-05,crossover_heat_ld16_rl80,0.019814029335975647,0.006305370945483446,2,heat
7.609744352521375e-05,crossover_heat_ld16_rl80,0.01213277131319046,0.004796996712684631,3,heat
7.622857810929418e-05,crossover_heat_ld16_rl80,0.009231934323906898,0.004156420007348061,4,heat
7.607162842759863e-05,crossover_heat_ld16_rl80,0.007963456213474274,0.0038098094519227743,5,heat
7.652534259250388e-05,crossover_heat_ld16_rl80,0.007312129717320204,0.0036475283559411764,6,heat
7.75885273469612e-05,crossover_heat_ld16_rl80,0.007173445541411638,0.003627043217420578,7,heat
7.966379052959383e-05,crossover_heat_ld16_rl80,0.007125783711671829,0.003611357882618904,8,heat
7.777377322781831e-05,crossover_heat_ld16_rl80,0.007342552300542593,0.0036762552335858345,9,heat
7.51169936847873e-05,crossover_heat_ld16_rl80,0.0077446140348911285,0.003768571186810732,10,heat
7.806112262187526e-05,crossover_heat_ld16_rl80,0.008219262585043907,0.003843749174848199,11,heat
8.113685180433095e-05,crossover_heat_ld16_rl80,0.008705681189894676,0.0038209338672459126,12,heat
8.22359070298262e-05,crossover_heat_ld16_rl80,0.008896742016077042,0.0037157516926527023,13,heat
9.009915083879605e-05,crossover_heat_ld16_rl80,0.009234070777893066,0.0037018945440649986,14,heat
9.372424392495304e-05,crossover_heat_ld16_rl80,0.010020113550126553,0.003852385561913252,15,heat
9.436471009394154e-05,crossover_heat_ld16_rl80,0.010987646877765656,0.003959746100008488,16,heat
0.00010872855636989698,crossover_heat_ld24_rl48,0.07943757623434067,0.013838611543178558,1,heat
9.126224176725373e-05,crossover_heat_ld24_rl48,0.029392870143055916,0.008192230015993118,2,heat
9.591754496796057e-05,crossover_heat_ld24_rl48,0.020102834329009056,0.006656673736870289,3,heat
9.614716691430658e-05,crossover_heat_ld24_rl48,0.016864074394106865,0.005963420961052179,4,heat
9.630869317334145e-05,crossover_heat_ld24_rl48,0.015325506217777729,0.005662194918841124,5,heat
9.942850010702386e-05,crossover_heat_ld24_rl48,0.014714539982378483,0.0055858297273516655,6,heat
9.994388528866693e-05,crossover_heat_ld24_rl48,0.015368196181952953,0.005802546627819538,7,heat
0.00010150964953936636,crossover_heat_ld24_rl48,0.016476860269904137,0.006023210007697344,8,heat
0.00010134976037079468,crossover_heat_ld24_rl48,0.0181290153414011,0.0062837982550263405,9,heat
0.00011399543291190639,crossover_heat_ld24_rl48,0.019315455108880997,0.006276456639170647,10,heat
0.00010803739132825285,crossover_heat_ld24_rl48,0.021051915362477303,0.006314774043858051,11,heat
0.00010909954289672896,crossover_heat_ld24_rl48,0.022619018331170082,0.006225340534001589,12,heat
0.00010627570009091869,crossover_heat_ld24_rl48,0.024222420528531075,0.0060562863945961,13,heat
0.0001244026207132265,crossover_heat_ld24_rl48,0.02550157718360424,0.005792167503386736,14,heat
0.00012667040573433042,crossover_heat_ld24_rl48,0.026700956746935844,0.0054605198092758656,15,heat
0.00011791446740971878,crossover_heat_ld24_rl48,0.027267858386039734,0.0049780914559960365,16,heat
9.484022302785888e-05,crossover_heat_ld24_rl64,0.06212795153260231,0.012504191137850285,1,heat
8.778376650298014e-05,crossover_heat_ld24_rl64,0.024751001968979836,0.0077623543329536915,2,heat
8.933482604334131e-05,crossover_heat_ld24_rl64,0.017269358038902283,0.00640345923602581,3,heat
8.723639621166512e-05,crossover_heat_ld24_rl64,0.014787700958549976,0.005909018684178591,4,heat
8.839958172757179e-05,crossover_heat_ld24_rl64,0.014239459298551083,0.005857395473867655,5,heat
8.909003372536972e-05,crossover_heat_ld24_rl64,0.014787714928388596,0.005990357603877783,6,heat
9.095949644688517e-05,crossover_heat_ld24_rl64,0.016374608501791954,0.006336301565170288,7,heat
9.425153984921053e-05,crossover_heat_ld24_rl64,0.017900533974170685,0.006413837429136038,8,heat
9.88210886134766e-05,crossover_heat_ld24_rl64,0.01925404742360115,0.006351594813168049,9,heat
0.00010011209087679163,crossover_heat_ld24_rl64,0.019728541374206543,0.0059239212423563,10,heat
0.00010094467870658264,crossover_heat_ld24_rl64,0.02032948099076748,0.00555954547598958,11,heat
0.0001040037750499323,crossover_heat_ld24_rl64,0.020474009215831757,0.0051644183695316315,12,heat
0.00010514858877286315,crossover_heat_ld24_rl64,0.02012615278363228,0.004765222314745188,13,heat
0.0001044287346303463,crossover_heat_ld24_rl64,0.020193396136164665,0.004544729832559824,14,heat
0.00011271177208982408,crossover_heat_ld24_rl64,0.02108778804540634,0.004418693017214537,15,heat
0.00011024392006220296,crossover_heat_ld24_rl64,0.022579075768589973,0.004397777374833822,16,heat
9.462275920668617e-05,crossover_heat_ld24_rl80,0.06256759166717529,0.012718326412141323,1,heat
8.804631943348795e-05,crossover_heat_ld24_rl80,0.023640505969524384,0.006967914290726185,2,heat
8.781807991908863e-05,crossover_heat_ld24_rl80,0.013886165805161,0.004917721264064312,3,heat
8.407853601966053e-05,crossover_heat_ld24_rl80,0.00992645975202322,0.004101750906556845,4,heat
8.611236262368038e-05,crossover_heat_ld24_rl80,0.008383799344301224,0.0038713773246854544,5,heat
8.395783515879884e-05,crossover_heat_ld24_rl80,0.007983970455825329,0.004004203248769045,6,heat
8.826073462842032e-05,crossover_heat_ld24_rl80,0.008390570990741253,0.004294160287827253,7,heat
8.546921890228987e-05,crossover_heat_ld24_rl80,0.008852475322782993,0.00442612636834383,8,heat
9.239684004569426e-05,crossover_heat_ld24_rl80,0.009860759600996971,0.004588466603308916,9,heat
9.396264067618176e-05,crossover_heat_ld24_rl80,0.010619967244565487,0.004437676165252924,10,heat
8.706538937985897e-05,crossover_heat_ld24_rl80,0.01121648121625185,0.004281354136765003,11,heat
9.93978392216377e-05,crossover_heat_ld24_rl80,0.011486604809761047,0.004056868143379688,12,heat
0.00010147026478080079,crossover_heat_ld24_rl80,0.011736487038433552,0.003923334181308746,13,heat
9.796140511753038e-05,crossover_heat_ld24_rl80,0.012083347886800766,0.003843815764412284,14,heat
0.00011291012924630195,crossover_heat_ld24_rl80,0.011979502625763416,0.00360309355892241,15,heat
0.00011089428880950436,crossover_heat_ld24_rl80,0.012492690235376358,0.003569608321413398,16,heat
0.00010149741137865931,crossover_heat_ld32_rl48,0.04664837196469307,0.012848878279328346,1,heat
9.917248826241121e-05,crossover_heat_ld32_rl48,0.02475106343626976,0.00924804899841547,2,heat
9.690139995655045e-05,crossover_heat_ld32_rl48,0.020687201991677284,0.008493565954267979,3,heat
9.284001134801656e-05,crossover_heat_ld32_rl48,0.020332839339971542,0.008640491403639317,4,heat
9.732596663525328e-05,crossover_heat_ld32_rl48,0.021958813071250916,0.009337235242128372,5,heat
0.00010518977796891704,crossover_heat_ld32_rl48,0.025127965956926346,0.010598708875477314,6,heat
0.0001050339633366093,crossover_heat_ld32_rl48,0.030192339792847633,0.012702609412372112,7,heat
0.00011379134957678616,crossover_heat_ld32_rl48,0.0360557846724987,0.01490417867898941,8,heat
0.00011873360199388117,crossover_heat_ld32_rl48,0.043827272951602936,0.016345439478754997,9,heat
0.00013049543485976756,crossover_heat_ld32_rl48,0.05543196201324463,0.01722048781812191,10,heat
0.00012764042185153812,crossover_heat_ld32_rl48,0.06918677687644958,0.01732344552874565,11,heat
0.00011937924864469096,crossover_heat_ld32_rl48,0.08599502593278885,0.01747189275920391,12,heat
0.00013328221393749118,crossover_heat_ld32_rl48,0.10291102528572083,0.017164545133709908,13,heat
0.00014547639875672758,crossover_heat_ld32_rl48,0.12598717212677002,0.01699225790798664,14,heat
0.0001365317148156464,crossover_heat_ld32_rl48,0.15516352653503418,0.016908353194594383,15,heat
0.00013289967318996787,crossover_heat_ld32_rl48,0.1907452642917633,0.016748834401369095,16,heat
9.406796743860468e-05,crossover_heat_ld32_rl64,0.05082907900214195,0.014640728011727333,1,heat
8.583549788454548e-05,crossover_heat_ld32_rl64,0.02447395585477352,0.009758909232914448,2,heat
9.037167183123529e-05,crossover_heat_ld32_rl64,0.017216695472598076,0.008130736649036407,3,heat
8.890884055290371e-05,crossover_heat_ld32_rl64,0.01416223868727684,0.007402029819786549,4,heat
9.14379270398058e-05,crossover_heat_ld32_rl64,0.012884289026260376,0.00698251323774457,5,heat
9.996374137699604e-05,crossover_heat_ld32_rl64,0.012813455425202847,0.0068725827150046825,6,heat
9.703472460387275e-05,crossover_heat_ld32_rl64,0.01334565132856369,0.006918121594935656,7,heat
0.00010214414214715362,crossover_heat_ld32_rl64,0.014182543382048607,0.006852392572909594,8,heat
9.738474909681827e-05,crossover_heat_ld32_rl64,0.015878278762102127,0.007290139328688383,9,heat
0.00010799762821989134,crossover_heat_ld32_rl64,0.018659435212612152,0.008234720677137375,10,heat
0.00010658142855390906,crossover_heat_ld32_rl64,0.02299119532108307,0.008886978961527348,11,heat
0.00011061588884331286,crossover_heat_ld32_rl64,0.026365602388978004,0.008941524662077427,12,heat
0.00011985220044152811,crossover_heat_ld32_rl64,0.028911329805850983,0.008701005019247532,13,heat
0.00012616267486009747,crossover_heat_ld32_rl64,0.03176995366811752,0.008692937903106213,14,heat
0.00013139468501321971,crossover_heat_ld32_rl64,0.03444593772292137,0.008210208266973495,15,heat
0.00013729928468819708,crossover_heat_ld32_rl64,0.03520745411515236,0.007243347819894552,16,heat
8.982980216387659e-05,crossover_heat_ld32_rl80,0.042360275983810425,0.012076951563358307,1,heat
8.169636566890404e-05,crossover_heat_ld32_rl80,0.01741497777402401,0.0067506530322134495,2,heat
8.033951598918065e-05,crossover_heat_ld32_rl80,0.010938587598502636,0.005234328098595142,3,heat
8.279788016807288e-05,crossover_heat_ld32_rl80,0.00818302296102047,0.004640706814825535,4,heat
8.117152901832014e-05,crossover_heat_ld32_rl80,0.006781864911317825,0.0043048313818871975,5,heat
8.1850346759893e-05,crossover_heat_ld32_rl80,0.005870254244655371,0.00402112165465951,6,heat
8.205734775401652e-05,crossover_heat_ld32_rl80,0.005431318189948797,0.003840618534013629,7,heat
8.542339492123574e-05,crossover_heat_ld32_rl80,0.005227641202509403,0.0037403632886707783,8,heat
8.610536315245554e-05,crossover_heat_ld32_rl80,0.005126579198986292,0.0036009701434522867,9,heat
9.055405098479241e-05,crossover_heat_ld32_rl80,0.0051846131682395935,0.003569415770471096,10,heat
8.995765529107302e-05,crossover_heat_ld32_rl80,0.005285884253680706,0.0035545038990676403,11,heat
9.14609627216123e-05,crossover_heat_ld32_rl80,0.0055578104220330715,0.0036436859518289566,12,heat
9.645330283092335e-05,crossover_heat_ld32_rl80,0.00561709376052022,0.0036349359434098005,13,heat
9.210261487169191e-05,crossover_heat_ld32_rl80,0.006124407518655062,0.003903035307303071,14,heat
0.00010077295883093029,crossover_heat_ld32_rl80,0.006511772982776165,0.004086052067577839,15,heat
9.848787885857746e-05,crossover_heat_ld32_rl80,0.006980896461755037,0.004194345790892839,16,heat
0.00011767788964789361,crossover_burgers_ld16_rl48,0.0822134017944336,0.014376325532793999,1,burgers
0.0001092489983420819,crossover_burgers_ld16_rl48,0.03869689255952835,0.009510748088359833,2,burgers
0.00010793330147862434,crossover_burgers_ld16_rl48,0.02676152065396309,0.008186470717191696,3,burgers
0.00010819051385624334,crossover_burgers_ld16_rl48,0.022860946133732796,0.007990586571395397,4,burgers
0.00011200104199815542,crossover_burgers_ld16_rl48,0.02144721895456314,0.008018194697797298,5,burgers
0.00010448848479427397,crossover_burgers_ld16_rl48,0.021404894068837166,0.008193334564566612,6,burgers
0.00011203718895558268,crossover_burgers_ld16_rl48,0.02201281487941742,0.00830820482224226,7,burgers
0.00011349508713465184,crossover_burgers_ld16_rl48,0.02266722358763218,0.00847166683524847,8,burgers
0.00011260047176619992,crossover_burgers_ld16_rl48,0.02352256327867508,0.008803794160485268,9,burgers
0.00011491252371342853,crossover_burgers_ld16_rl48,0.02531946450471878,0.00938495621085167,10,burgers
0.00011958003597101197,crossover_burgers_ld16_rl48,0.026807110756635666,0.009741910733282566,11,burgers
0.00012440167483873665,crossover_burgers_ld16_rl48,0.02871859446167946,0.009451518766582012,12,burgers
0.00011593087401706725,crossover_burgers_ld16_rl48,0.029422860592603683,0.00863953959196806,13,burgers
0.00012484949547797441,crossover_burgers_ld16_rl48,0.029200265184044838,0.00803453754633665,14,burgers
0.00012790653272531927,crossover_burgers_ld16_rl48,0.02745155803859234,0.0076635973528027534,15,burgers
0.000131014094222337,crossover_burgers_ld16_rl48,0.026238275691866875,0.007188854739069939,16,burgers
0.00016138397040776908,crossover_burgers_ld16_rl64,0.10960257798433304,0.017808007076382637,1,burgers
0.00015934481052681804,crossover_burgers_ld16_rl64,0.05423920974135399,0.012214340269565582,2,burgers
0.00014933757483959198,crossover_burgers_ld16_rl64,0.04091159999370575,0.009960324503481388,3,burgers
0.00015374454960692674,crossover_burgers_ld16_rl64,0.03630266338586807,0.009050928987562656,4,burgers
0.00016433425480499864,crossover_burgers_ld16_rl64,0.03529331460595131,0.008662090636789799,5,burgers
0.0001724809844745323,crossover_burgers_ld16_rl64,0.037144795060157776,0.00866464339196682,6,burgers
0.00017377924814354628,crossover_burgers_ld16_rl64,0.04079154133796692,0.00887477956712246,7,burgers
0.0001835657167248428,crossover_burgers_ld16_rl64,0.04526567831635475,0.008954038843512535,8,burgers
0.00020358304027467966,crossover_burgers_ld16_rl64,0.051607850939035416,0.008780772797763348,9,burgers
0.0002078084071399644,crossover_burgers_ld16_rl64,0.05906018242239952,0.008723128587007523,10,burgers
0.00020730559481307864,crossover_burgers_ld16_rl64,0.0660795047879219,0.008660772815346718,11,burgers
0.00021184376964811236,crossover_burgers_ld16_rl64,0.07411330193281174,0.008645047433674335,12,burgers
0.00020625354954972863,crossover_burgers_ld16_rl64,0.08549774438142776,0.008780109696090221,13,burgers
0.00022237312805373222,crossover_burgers_ld16_rl64,0.09824466705322266,0.008948306553065777,14,burgers
0.00022968664416112006,crossover_burgers_ld16_rl64,0.1076311469078064,0.00870258267968893,15,burgers
0.00024623420904390514,crossover_burgers_ld16_rl64,0.11530816555023193,0.008499527350068092,16,burgers
0.0003422765585128218,crossover_burgers_ld16_rl80,0.10407284647226334,0.018090305849909782,1,burgers
0.00029493251349776983,crossover_burgers_ld16_rl80,0.03532809391617775,0.010301178321242332,2,burgers
0.0002681591722648591,crossover_burgers_ld16_rl80,0.021535495296120644,0.007729513570666313,3,burgers
0.00025604263646528125,crossover_burgers_ld16_rl80,0.015877557918429375,0.006481774616986513,4,burgers
0.00024406365992035717,crossover_burgers_ld16_rl80,0.013545759953558445,0.006021127570420504,5,burgers
0.0002408668806310743,crossover_burgers_ld16_rl80,0.012594573199748993,0.005756786558777094,6,burgers
0.00023968979076016694,crossover_burgers_ld16_rl80,0.012677948921918869,0.00579970795661211,7,burgers
0.0002420857344986871,crossover_burgers_ld16_rl80,0.012479882687330246,0.005603482481092215,8,burgers
0.00021757715148851275,crossover_burgers_ld16_rl80,0.012752171605825424,0.005496998317539692,9,burgers
0.00022274244111031294,crossover_burgers_ld16_rl80,0.012875980697572231,0.0052635567262768745,10,burgers
0.00021630027913488448,crossover_burgers_ld16_rl80,0.012873769737780094,0.005049114115536213,11,burgers
0.00021572639525402337,crossover_burgers_ld16_rl80,0.01354694738984108,0.004990844521671534,12,burgers
0.00021562623442150652,crossover_burgers_ld16_rl80,0.013979142531752586,0.004851908423006535,13,burgers
0.000214246436371468,crossover_burgers_ld16_rl80,0.01480318047106266,0.004811289254575968,14,burgers
0.00021092101815156639,crossover_burgers_ld16_rl80,0.015737095847725868,0.004861930850893259,15,burgers
0.00021023882436566055,crossover_burgers_ld16_rl80,0.016738297417759895,0.004842057358473539,16,burgers
0.00011431935854488984,crossover_burgers_ld24_rl48,0.08038376271724701,0.014532722532749176,1,burgers
0.00010611564357532188,crossover_burgers_ld24_rl48,0.03285204991698265,0.008704468607902527,2,burgers
0.00010890704288613051,crossover_burgers_ld24_rl48,0.022071897983551025,0.007327588275074959,3,burgers
0.00010265513992635533,crossover_burgers_ld24_rl48,0.01847665011882782,0.007015978451818228,4,burgers
0.00010874078725464642,crossover_burgers_ld24_rl48,0.018072903156280518,0.007426803931593895,5,burgers
0.000109177126432769,crossover_burgers_ld24_rl48,0.01912032626569271,0.007909628562629223,6,burgers
0.00011956176604144275,crossover_burgers_ld24_rl48,0.021505029872059822,0.008649378083646297,7,burgers
0.0001196575176436454,crossover_burgers_ld24_rl48,0.024752095341682434,0.00948841031640768,8,burgers
0.00012754765339195728,crossover_burgers_ld24_rl48,0.030168717727065086,0.010615265928208828,9,burgers
0.00013535836478695273,crossover_burgers_ld24_rl48,0.036846477538347244,0.011175116524100304,10,burgers
0.00013201753608882427,crossover_burgers_ld24_rl48,0.0447184257209301,0.010955877602100372,11,burgers
0.00013749678328167647,crossover_burgers_ld24_rl48,0.04826154187321663,0.010584141127765179,12,burgers
0.00013712694635614753,crossover_burgers_ld24_rl48,0.05067700520157814,0.010392211377620697,13,burgers
0.00013880166807211936,crossover_burgers_ld24_rl48,0.05510031804442406,0.009985757991671562,14,burgers
0.0001365302159683779,crossover_burgers_ld24_rl48,0.06112055853009224,0.00995705183595419,15,burgers
0.0001378885644953698,crossover_burgers_ld24_rl48,0.07075155526399612,0.010087879374623299,16,burgers
0.00017578087863512337,crossover_burgers_ld24_rl64,0.08499104529619217,0.015708481892943382,1,burgers
0.00015645698294974864,crossover_burgers_ld24_rl64,0.03808695822954178,0.01021562796086073,2,burgers
0.0001511426962679252,crossover_burgers_ld24_rl64,0.026496151462197304,0.008482975885272026,3,burgers
0.00013869018584955484,crossover_burgers_ld24_rl64,0.022080453112721443,0.007805784232914448,4,burgers
0.00014296553854364902,crossover_burgers_ld24_rl64,0.02026294358074665,0.007520062383264303,5,burgers
0.0001499418867751956,crossover_burgers_ld24_rl64,0.019741108641028404,0.00753004802390933,6,burgers
0.00015544285997748375,crossover_burgers_ld24_rl64,0.01985347270965576,0.007533351890742779,7,burgers
0.0001555749331600964,crossover_burgers_ld24_rl64,0.02097044326364994,0.007560245227068663,8,burgers
0.00016414195124525577,crossover_burgers_ld24_rl64,0.022252323105931282,0.007340921089053154,9,burgers
0.0001877473114291206,crossover_burgers_ld24_rl64,0.023936046287417412,0.007192229852080345,10,burgers
0.00018917095439974219,crossover_burgers_ld24_rl64,0.02527707815170288,0.0070987893268466,11,burgers
0.00018102774629369378,crossover_burgers_ld24_rl64,0.027156347408890724,0.007253620773553848,12,burgers
0.00019697225070558488,crossover_burgers_ld24_rl64,0.02836291491985321,0.00706587266176939,13,burgers
0.00019323683227412403,crossover_burgers_ld24_rl64,0.031313031911849976,0.007146600168198347,14,burgers
0.00018576072761788964,crossover_burgers_ld24_rl64,0.03408973291516304,0.007152498234063387,15,burgers
0.00018353419727645814,crossover_burgers_ld24_rl64,0.037316519767045975,0.007044837344437838,16,burgers
0.0008137917029671371,crossover_burgers_ld24_rl80,0.44500550627708435,0.043203406035900116,1,burgers
0.0007129008881747723,crossover_burgers_ld24_rl80,0.29115045070648193,0.03780307620763779,2,burgers
0.0005201107123866677,crossover_burgers_ld24_rl80,0.17611193656921387,0.027066484093666077,3,burgers
0.00044882201473228633,crossover_burgers_ld24_rl80,0.12140607833862305,0.0210777185857296,4,burgers
0.0003889004292432219,crossover_burgers_ld24_rl80,0.09653899818658829,0.018350660800933838,5,burgers
0.00038015044992789626,crossover_burgers_ld24_rl80,0.08340872079133987,0.016697071492671967,6,burgers
0.00035120086977258325,crossover_burgers_ld24_rl80,0.07606774568557739,0.015793994069099426,7,burgers
0.0003532667469698936,crossover_burgers_ld24_rl80,0.07252979278564453,0.015280680730938911,8,burgers
0.0003327740996610373,crossover_burgers_ld24_rl80,0.07265325635671616,0.015385265462100506,9,burgers
0.0003424034803174436,crossover_burgers_ld24_rl80,0.07534199208021164,0.016096288338303566,10,burgers
0.0003618719056248665,crossover_burgers_ld24_rl80,0.07809201627969742,0.015680713579058647,11,burgers
0.0003731153265107423,crossover_burgers_ld24_rl80,0.07974531501531601,0.014539004303514957,12,burgers
0.0004149634041823447,crossover_burgers_ld24_rl80,0.08180369436740875,0.013996202498674393,13,burgers
0.0004676777170971036,crossover_burgers_ld24_rl80,0.08609598129987717,0.014203531667590141,14,burgers
0.000525422568898648,crossover_burgers_ld24_rl80,0.09421957284212112,0.015573556534945965,15,burgers
0.0006641537765972316,crossover_burgers_ld24_rl80,0.10910585522651672,0.017397988587617874,16,burgers
0.0001225754531333223,crossover_burgers_ld32_rl48,0.06540361046791077,0.013273126445710659,1,burgers
0.00010753768583526835,crossover_burgers_ld32_rl48,0.02577936090528965,0.008253298699855804,2,burgers
0.00010195290815318003,crossover_burgers_ld32_rl48,0.017650408670306206,0.007106229197233915,3,burgers
0.00010290186037309468,crossover_burgers_ld32_rl48,0.014759501442313194,0.006775689776986837,4,burgers
0.0001073595485650003,crossover_burgers_ld32_rl48,0.01386435516178608,0.006846996024250984,5,burgers
0.00011044847633456811,crossover_burgers_ld32_rl48,0.013913766480982304,0.007183939218521118,6,burgers
0.00010763698810478672,crossover_burgers_ld32_rl48,0.014221184886991978,0.007408576086163521,7,burgers
0.0001082439484889619,crossover_burgers_ld32_rl48,0.015418821014463902,0.0077500008046627045,8,burgers
0.0001142590626841411,crossover_burgers_ld32_rl48,0.01676616445183754,0.007998551242053509,9,burgers
0.00011553983495105058,crossover_burgers_ld32_rl48,0.018880583345890045,0.008448053151369095,10,burgers
0.00011453565093688667,crossover_burgers_ld32_rl48,0.02127363160252571,0.008730661123991013,11,burgers
0.00012358928506728262,crossover_burgers_ld32_rl48,0.02503746747970581,0.009236136451363564,12,burgers
0.00012626673560589552,crossover_burgers_ld32_rl48,0.028440771624445915,0.009325380437076092,13,burgers
0.0001279689749935642,crossover_burgers_ld32_rl48,0.0325842946767807,0.009404739364981651,14,burgers
0.0001345139171462506,crossover_burgers_ld32_rl48,0.036257561296224594,0.009058873169124126,15,burgers
0.00014338963956106454,crossover_burgers_ld32_rl48,0.039394304156303406,0.0086838249117136,16,burgers
0.0001526502164779231,crossover_burgers_ld32_rl64,0.07532935589551926,0.018412573263049126,1,burgers
0.0001403868373017758,crossover_burgers_ld32_rl64,0.03682032227516174,0.012546288780868053,2,burgers
0.00013953899906482548,crossover_burgers_ld32_rl64,0.026893548667430878,0.010212759487330914,3,burgers
0.00013891786511521786,crossover_burgers_ld32_rl64,0.023261189460754395,0.009346161969006062,4,burgers
0.00014100782573223114,crossover_burgers_ld32_rl64,0.021992038935422897,0.008977184072136879,5,burgers
0.00014469429152086377,crossover_burgers_ld32_rl64,0.021903276443481445,0.008855827152729034,6,burgers
0.00015363063721451908,crossover_burgers_ld32_rl64,0.022981148213148117,0.009244698099792004,7,burgers
0.0001560775563120842,crossover_burgers_ld32_rl64,0.024669278413057327,0.009536735713481903,8,burgers
0.00016109438729472458,crossover_burgers_ld32_rl64,0.028660833835601807,0.010120145045220852,9,burgers
0.00017411279259249568,crossover_burgers_ld32_rl64,0.03171660378575325,0.009937425144016743,10,burgers
0.0001815138093661517,crossover_burgers_ld32_rl64,0.0345655158162117,0.009448646567761898,11,burgers
0.0001841878838604316,crossover_burgers_ld32_rl64,0.03634296730160713,0.008817911148071289,12,burgers
0.00017757741443347186,crossover_burgers_ld32_rl64,0.03750716149806976,0.008189307525753975,13,burgers
0.00018168226233683527,crossover_burgers_ld32_rl64,0.03953733295202255,0.00783983338624239,14,burgers
0.0001796650030883029,crossover_burgers_ld32_rl64,0.03986971452832222,0.007099704816937447,15,burgers
0.00019202099065296352,crossover_burgers_ld32_rl64,0.04167201370000839,0.006562088616192341,16,burgers
0.00046913945698179305,crossover_burgers_ld32_rl80,0.21983078122138977,0.023430222645401955,1,burgers
0.0003635773027781397,crossover_burgers_ld32_rl80,0.13955581188201904,0.016276586800813675,2,burgers
0.0003059059090446681,crossover_burgers_ld32_rl80,0.10128749907016754,0.012709267437458038,3,burgers
0.00027398744714446366,crossover_burgers_ld32_rl80,0.08880887925624847,0.011346214450895786,4,burgers
0.0002617551654111594,crossover_burgers_ld32_rl80,0.09211061894893646,0.011236777529120445,5,burgers
0.00027447869069874287,crossover_burgers_ld32_rl80,0.11291798949241638,0.01152464747428894,6,burgers
0.00031468880479224026,crossover_burgers_ld32_rl80,0.16801860928535461,0.012074694037437439,7,burgers
0.00040639538201503456,crossover_burgers_ld32_rl80,0.32662656903266907,0.014176318421959877,8,burgers
0.0006952617550268769,crossover_burgers_ld32_rl80,0.8206402659416199,0.016620643436908722,9,burgers
0.0009234357858076692,crossover_burgers_ld32_rl80,2.246737241744995,0.020257357507944107,10,burgers
0.001015041721984744,crossover_burgers_ld32_rl80,6.333015441894531,0.023193424567580223,11,burgers
0.00111898104660213,crossover_burgers_ld32_rl80,18.211456298828125,0.023658016696572304,12,burgers
0.0011011367896571755,crossover_burgers_ld32_rl80,52.64860534667969,0.025495512410998344,13,burgers
0.0012501610908657312,crossover_burgers_ld32_rl80,152.83877563476562,0.024766841903328896,14,burgers
0.001237828633747995,crossover_burgers_ld32_rl80,439.2200622558594,0.02474786527454853,15,burgers
0.0012258179485797882,crossover_burgers_ld32_rl80,1258.4970703125,0.025502590462565422,16,burgers
8.251883264165372e-05,late_ground_proxy_heat,0.05125376582145691,0.01162625104188919,1,heat
7.662668213015422e-05,late_ground_proxy_heat,0.01932421512901783,0.0064179361797869205,2,heat
7.72890925873071e-05,late_ground_proxy_heat,0.011244342662394047,0.004705572966486216,3,heat
7.394690328510478e-05,late_ground_proxy_heat,0.00777650298550725,0.0038086718413978815,4,heat
7.364272460108623e-05,late_ground_proxy_heat,0.006331995129585266,0.0034201652742922306,5,heat
7.405615178868175e-05,late_ground_proxy_heat,0.005372776184231043,0.0031183427199721336,6,heat
7.49111786717549e-05,late_ground_proxy_heat,0.0050068083219230175,0.003062461968511343,7,heat
7.423842907883227e-05,late_ground_proxy_heat,0.004986512940376997,0.0031379852443933487,8,heat
7.395774446194991e-05,late_ground_proxy_heat,0.00514604477211833,0.0032673408277332783,9,heat
7.775957783451304e-05,late_ground_proxy_heat,0.005535298492759466,0.0035051447339355946,10,heat
7.814483979018405e-05,late_ground_proxy_heat,0.006187422201037407,0.0037565957754850388,11,heat
8.037649240577593e-05,late_ground_proxy_heat,0.006804028991609812,0.003790659597143531,12,heat
8.672592957736924e-05,late_ground_proxy_heat,0.007354268338531256,0.0037309841718524694,13,heat
8.762812649365515e-05,late_ground_proxy_heat,0.007738303393125534,0.0036690363194793463,14,heat
9.066973871085793e-05,late_ground_proxy_heat,0.008442322723567486,0.003615887137129903,15,heat
8.999368583317846e-05,late_ground_proxy_heat,0.009281978011131287,0.0036377382930368185,16,heat
0.0003019912983290851,late_ground_proxy_wave,0.11922470480203629,0.022665338590741158,1,wave
0.000294899771688506,late_ground_proxy_wave,0.047798722982406616,0.012879799120128155,2,wave
0.0002841554523911327,late_ground_proxy_wave,0.0308749470859766,0.009786312468349934,3,wave
0.0002854858757928014,late_ground_proxy_wave,0.026240261271595955,0.00908367894589901,4,wave
0.00027894004597328603,late_ground_proxy_wave,0.025955846533179283,0.009122911840677261,5,wave
0.0002769788552541286,late_ground_proxy_wave,0.025778397917747498,0.0087444381788373,6,wave
0.00026969119790010154,late_ground_proxy_wave,0.02463698945939541,0.00815905723720789,7,wave
0.0002743275836110115,late_ground_proxy_wave,0.02301705814898014,0.0076234471052885056,8,wave
0.0002721051569096744,late_ground_proxy_wave,0.021814676001667976,0.007137613371014595,9,wave
0.0002707435342017561,late_ground_proxy_wave,0.021273372694849968,0.006532252300530672,10,wave
0.00027198411407880485,late_ground_proxy_wave,0.021216625347733498,0.0059469593688845634,11,wave
0.00026809482369571924,late_ground_proxy_wave,0.02070680446922779,0.005496266297996044,12,wave
0.0002731885469984263,late_ground_proxy_wave,0.020518561825156212,0.005031781271100044,13,wave
0.00026530385366640985,late_ground_proxy_wave,0.020656481385231018,0.004814709536731243,14,wave
0.00026289757806807756,late_ground_proxy_wave,0.021562868729233742,0.004648400004953146,15,wave
0.00025905005168169737,late_ground_proxy_wave,0.022581549361348152,0.004596597980707884,16,wave
,late_ground_proxy_burgers,,,1,burgers
,late_ground_proxy_burgers,,,2,burgers
,late_ground_proxy_burgers,,,3,burgers
,late_ground_proxy_burgers,,,4,burgers
,late_ground_proxy_burgers,,,5,burgers
,late_ground_proxy_burgers,,,6,burgers
,late_ground_proxy_burgers,,,7,burgers
,late_ground_proxy_burgers,,,8,burgers
,late_ground_proxy_burgers,,,9,burgers
,late_ground_proxy_burgers,,,10,burgers
,late_ground_proxy_burgers,,,11,burgers
,late_ground_proxy_burgers,,,12,burgers
,late_ground_proxy_burgers,,,13,burgers
,late_ground_proxy_burgers,,,14,burgers
,late_ground_proxy_burgers,,,15,burgers
,late_ground_proxy_burgers,,,16,burgers
7.107164128683507e-05,late_ground_proxy_reaction_diffusion,0.0007160906097851694,0.00011128188634756953,1,reaction_diffusion
6.305574061116204e-05,late_ground_proxy_reaction_diffusion,0.0001739421277306974,3.825578824034892e-05,2,reaction_diffusion
5.75268677494023e-05,late_ground_proxy_reaction_diffusion,5.659292219206691e-05,1.5629320841981098e-05,3,reaction_diffusion
5.2903080359101295e-05,late_ground_proxy_reaction_diffusion,2.0808707631658763e-05,7.389035545202205e-06,4,reaction_diffusion
4.717905176221393e-05,late_ground_proxy_reaction_diffusion,9.501696695224382e-06,4.785877990798326e-06,5,reaction_diffusion
4.197910675429739e-05,late_ground_proxy_reaction_diffusion,5.775846602773527e-06,3.3244969017687254e-06,6,reaction_diffusion
3.931592800654471e-05,late_ground_proxy_reaction_diffusion,4.411667305248557e-06,2.8774686597898835e-06,7,reaction_diffusion
3.2868840207811445e-05,late_ground_proxy_reaction_diffusion,4.772140982822748e-06,4.201125648251036e-06,8,reaction_diffusion
3.04009245155612e-05,late_ground_proxy_reaction_diffusion,6.245187705644639e-06,5.402761871664552e-06,9,reaction_diffusion
2.3113547285902314e-05,late_ground_proxy_reaction_diffusion,5.784741460956866e-06,4.908659320790321e-06,10,reaction_diffusion
2.265395778522361e-05,late_ground_proxy_reaction_diffusion,6.574150120286504e-06,5.74485875404207e-06,11,reaction_diffusion
1.9106801119050942e-05,late_ground_proxy_reaction_diffusion,6.377393674483756e-06,6.002013833494857e-06,12,reaction_diffusion
1.549717126181349e-05,late_ground_proxy_reaction_diffusion,5.900739324715687e-06,5.530908310902305e-06,13,reaction_diffusion
1.322920525126392e-05,late_ground_proxy_reaction_diffusion,5.5473360589530785e-06,5.55126143808593e-06,14,reaction_diffusion
1.1583483683352824e-05,late_ground_proxy_reaction_diffusion,5.936065008427249e-06,5.629526640404947e-06,15,reaction_diffusion
9.215556929120794e-06,late_ground_proxy_reaction_diffusion,5.898269137105672e-06,5.586692623182898e-06,16,reaction_diffusion
