system,strategy,full_rel_mse,tail16_rel_mse,final_step_rel_mse,run_name,seed,latent_dim,rollout_len
reaction_diffusion,latent,0.0026515955105423,0.003482574597001,0.0043112351559102,rd_seed7_ld16_rl80,7,16,80
reaction_diffusion,state,0.0172852333635091,0.0265549477189779,0.0295787099748849,rd_seed7_ld16_rl80,7,16,80
reaction_diffusion,latent_branch,0.0047529502771794,0.0056895175948739,0.0061453413218259,rd_seed7_ld16_rl80,7,16,80
reaction_diffusion,hybrid_2,0.0071979234926402,0.0104178246110677,0.0117182843387126,rd_seed7_ld16_rl80,7,16,80
reaction_diffusion,hybrid_4,0.0035333328414708,0.0043673408217728,0.0049396785907447,rd_seed7_ld16_rl80,7,16,80
reaction_diffusion,hybrid_8,0.0024805886205285,0.0027421412523835,0.0031115713063627,rd_seed7_ld16_rl80,7,16,80
reaction_diffusion,hybrid_16,0.0022522632498294,0.0024758775252848,0.0028745799791067,rd_seed7_ld16_rl80,7,16,80
reaction_diffusion,latent,0.0036360502708703,0.0056779203005135,0.0069103012792766,rd_seed7_ld16_rl96,7,16,96
reaction_diffusion,state,0.5168782472610474,0.8839004039764404,0.5854089856147766,rd_seed7_ld16_rl96,7,16,96
reaction_diffusion,latent_branch,0.0048744357191026,0.0065563945099711,0.0076238317415118,rd_seed7_ld16_rl96,7,16,96
reaction_diffusion,hybrid_2,0.0750524401664733,0.1083191335201263,0.1343034654855728,rd_seed7_ld16_rl96,7,16,96
reaction_diffusion,hybrid_4,0.0285200793296098,0.0422200113534927,0.0454806126654148,rd_seed7_ld16_rl96,7,16,96
reaction_diffusion,hybrid_8,0.0135149173438549,0.0244540218263864,0.0296918302774429,rd_seed7_ld16_rl96,7,16,96
reaction_diffusion,hybrid_16,0.0070599601604044,0.0132322050631046,0.0162610150873661,rd_seed7_ld16_rl96,7,16,96
reaction_diffusion,latent,0.0072627090848982,0.0163037069141864,0.0215825270861387,rd_seed7_ld16_rl112,7,16,112
reaction_diffusion,state,0.1753508895635604,0.1937063932418823,0.172572836279869,rd_seed7_ld16_rl112,7,16,112
reaction_diffusion,latent_branch,0.0102494787424802,0.0256115421652793,0.0410922802984714,rd_seed7_ld16_rl112,7,16,112
reaction_diffusion,hybrid_2,0.0832632258534431,0.1858514249324798,0.1868062168359756,rd_seed7_ld16_rl112,7,16,112
reaction_diffusion,hybrid_4,0.01765320263803,0.0445320568978786,0.0554253123700618,rd_seed7_ld16_rl112,7,16,112
reaction_diffusion,hybrid_8,0.0071211145259439,0.0151881426572799,0.0187594890594482,rd_seed7_ld16_rl112,7,16,112
reaction_diffusion,hybrid_16,0.0054655997082591,0.0107503402978181,0.0127083286643028,rd_seed7_ld16_rl112,7,16,112
reaction_diffusion,latent,0.0024058772251009,0.0025952549185603,0.0031175795011222,rd_seed7_ld20_rl80,7,20,80
reaction_diffusion,state,0.0046078893356025,0.0056695435196161,0.0074334810487926,rd_seed7_ld20_rl80,7,20,80
reaction_diffusion,latent_branch,0.003605070291087,0.0037182762753218,0.0040234662592411,rd_seed7_ld20_rl80,7,20,80
reaction_diffusion,hybrid_2,0.0030928112100809,0.0033542111050337,0.0039549651555716,rd_seed7_ld20_rl80,7,20,80
reaction_diffusion,hybrid_4,0.0026035623159259,0.0026559280231595,0.0030717698391526,rd_seed7_ld20_rl80,7,20,80
reaction_diffusion,hybrid_8,0.0024517537094652,0.0025107702240347,0.0029510760214179,rd_seed7_ld20_rl80,7,20,80
reaction_diffusion,hybrid_16,0.0024287453852593,0.0025315415114164,0.0029956342186778,rd_seed7_ld20_rl80,7,20,80
reaction_diffusion,latent,0.0035665861796587,0.0062789735384285,0.0085771642625331,rd_seed7_ld20_rl96,7,20,96
reaction_diffusion,state,0.1206350475549697,0.150683656334877,0.1201369985938072,rd_seed7_ld20_rl96,7,20,96
reaction_diffusion,latent_branch,0.0061374683864414,0.0102491388097405,0.0130024049431085,rd_seed7_ld20_rl96,7,20,96
reaction_diffusion,hybrid_2,0.0464710295200347,0.0859532356262207,0.083896592259407,rd_seed7_ld20_rl96,7,20,96
reaction_diffusion,hybrid_4,0.0145184257999062,0.0315886288881301,0.0410066656768322,rd_seed7_ld20_rl96,7,20,96
reaction_diffusion,hybrid_8,0.0046147406101226,0.0077632386237382,0.0094381524249911,rd_seed7_ld20_rl96,7,20,96
reaction_diffusion,hybrid_16,0.0028663389384746,0.0041473293676972,0.0049009267240762,rd_seed7_ld20_rl96,7,20,96
reaction_diffusion,latent,0.0074331439100205,0.0164610277861356,0.0203562881797552,rd_seed7_ld20_rl112,7,20,112
reaction_diffusion,state,0.0170505568385124,0.0539542846381664,0.0901268273591995,rd_seed7_ld20_rl112,7,20,112
reaction_diffusion,latent_branch,0.0093731926754117,0.0228879582136869,0.0336144641041755,rd_seed7_ld20_rl112,7,20,112
reaction_diffusion,hybrid_2,0.0100345565006136,0.0259541980922222,0.0407699532806873,rd_seed7_ld20_rl112,7,20,112
reaction_diffusion,hybrid_4,0.0069996775127947,0.015831671655178,0.021199045702815,rd_seed7_ld20_rl112,7,20,112
reaction_diffusion,hybrid_8,0.0055629452690482,0.0115472925826907,0.0140106864273548,rd_seed7_ld20_rl112,7,20,112
reaction_diffusion,hybrid_16,0.0053169531747698,0.0108371367678046,0.0127686820924282,rd_seed7_ld20_rl112,7,20,112
reaction_diffusion,latent,0.0022042060736566,0.0024753417819738,0.0031114069279283,rd_seed7_ld24_rl80,7,24,80
reaction_diffusion,state,0.0054825888946652,0.0095435408875346,0.0121742943301796,rd_seed7_ld24_rl80,7,24,80
reaction_diffusion,latent_branch,0.0028865532949566,0.00306909205392,0.0034550034906715,rd_seed7_ld24_rl80,7,24,80
reaction_diffusion,hybrid_2,0.0037528073880821,0.00563111808151,0.0071778022684156,rd_seed7_ld24_rl80,7,24,80
reaction_diffusion,hybrid_4,0.0029015478212386,0.0035961407702416,0.0042382949031889,rd_seed7_ld24_rl80,7,24,80
reaction_diffusion,hybrid_8,0.0024483143351972,0.0026095886714756,0.0029130678158253,rd_seed7_ld24_rl80,7,24,80
reaction_diffusion,hybrid_16,0.0021830759942531,0.0021898143459111,0.0024657426401972,rd_seed7_ld24_rl80,7,24,80
reaction_diffusion,latent,0.0029089828021824,0.0046063088811933,0.0058881808072328,rd_seed7_ld24_rl96,7,24,96
reaction_diffusion,state,0.0045285639353096,0.0081643080338835,0.0111621068790555,rd_seed7_ld24_rl96,7,24,96
reaction_diffusion,latent_branch,0.0041288398206233,0.0060488753952085,0.0074612163007259,rd_seed7_ld24_rl96,7,24,96
reaction_diffusion,hybrid_2,0.0032077387440949,0.0049445228651165,0.0068099498748779,rd_seed7_ld24_rl96,7,24,96
reaction_diffusion,hybrid_4,0.0026396317407488,0.0033982100430876,0.0042452267371118,rd_seed7_ld24_rl96,7,24,96
reaction_diffusion,hybrid_8,0.0024693000596016,0.0031786819454282,0.0038697959389537,rd_seed7_ld24_rl96,7,24,96
reaction_diffusion,hybrid_16,0.0024205297231674,0.0032943331170827,0.0040764431469142,rd_seed7_ld24_rl96,7,24,96
reaction_diffusion,latent,0.0061673554591834,0.0126750897616148,0.0149992275983095,rd_seed7_ld24_rl112,7,24,112
reaction_diffusion,state,0.015287846326828,0.0353994183242321,0.05580360814929,rd_seed7_ld24_rl112,7,24,112
reaction_diffusion,latent_branch,0.0074228574521839,0.0149929542094469,0.0194738339632749,rd_seed7_ld24_rl112,7,24,112
reaction_diffusion,hybrid_2,0.0079370299354195,0.0176038555800914,0.0287643931806087,rd_seed7_ld24_rl112,7,24,112
reaction_diffusion,hybrid_4,0.0048530725762248,0.0094077670946717,0.0132753169164061,rd_seed7_ld24_rl112,7,24,112
reaction_diffusion,hybrid_8,0.003886779770255,0.0069144568406045,0.0082788355648517,rd_seed7_ld24_rl112,7,24,112
reaction_diffusion,hybrid_16,0.0038626797031611,0.0069646229967474,0.007894167676568,rd_seed7_ld24_rl112,7,24,112
reaction_diffusion,latent,0.0022808029316365,0.0023318335879594,0.0027944229077547,rd_seed7_ld28_rl80,7,28,80
reaction_diffusion,state,0.0047100544907152,0.006642339285463,0.0078144744038581,rd_seed7_ld28_rl80,7,28,80
reaction_diffusion,latent_branch,0.0024853907525539,0.0025722931604832,0.0030884088482707,rd_seed7_ld28_rl80,7,28,80
reaction_diffusion,hybrid_2,0.0037620759103447,0.0050292862579226,0.0061449091881513,rd_seed7_ld28_rl80,7,28,80
reaction_diffusion,hybrid_4,0.0030197810847312,0.0035419052001088,0.0042030583135783,rd_seed7_ld28_rl80,7,28,80
reaction_diffusion,hybrid_8,0.0025559156201779,0.0026922856923192,0.0030969730578362,rd_seed7_ld28_rl80,7,28,80
reaction_diffusion,hybrid_16,0.0023432259913533,0.002364284126088,0.0027310727164149,rd_seed7_ld28_rl80,7,28,80
reaction_diffusion,latent,0.0033657739404588,0.0056741214357316,0.0078886523842811,rd_seed7_ld28_rl96,7,28,96
reaction_diffusion,state,0.0395920984447002,0.1128887385129928,0.2160939574241638,rd_seed7_ld28_rl96,7,28,96
reaction_diffusion,latent_branch,0.0044924444518983,0.008572282269597,0.0127423610538244,rd_seed7_ld28_rl96,7,28,96
reaction_diffusion,hybrid_2,0.011698504909873,0.0255672428756952,0.0347626321017742,rd_seed7_ld28_rl96,7,28,96
reaction_diffusion,hybrid_4,0.0070400689728558,0.0142015786841511,0.0189313180744647,rd_seed7_ld28_rl96,7,28,96
reaction_diffusion,hybrid_8,0.0044036908075213,0.0077617517672479,0.010012243874371,rd_seed7_ld28_rl96,7,28,96
reaction_diffusion,hybrid_16,0.0031812763772904,0.0048464643768966,0.0059478296898305,rd_seed7_ld28_rl96,7,28,96
reaction_diffusion,latent,0.0061407727189362,0.0142861763015389,0.0192909762263298,rd_seed7_ld28_rl112,7,28,112
reaction_diffusion,state,0.2101918160915374,0.8168181777000427,1.493161916732788,rd_seed7_ld28_rl112,7,28,112
reaction_diffusion,latent_branch,0.0077436096034944,0.0179771371185779,0.0253776498138904,rd_seed7_ld28_rl112,7,28,112
reaction_diffusion,hybrid_2,0.0267165750265121,0.0759960040450096,0.1106901168823242,rd_seed7_ld28_rl112,7,28,112
reaction_diffusion,hybrid_4,0.0125776743516325,0.0304883681237697,0.0392674840986728,rd_seed7_ld28_rl112,7,28,112
reaction_diffusion,hybrid_8,0.006971922237426,0.0148388985544443,0.0178089048713445,rd_seed7_ld28_rl112,7,28,112
reaction_diffusion,hybrid_16,0.0046133990399539,0.0086985444650053,0.0097488341853022,rd_seed7_ld28_rl112,7,28,112
reaction_diffusion,latent,0.002215479966253,0.0026889634318649,0.003543333383277,rd_seed7_ld32_rl80,7,32,80
reaction_diffusion,state,0.0152738001197576,0.0347139462828636,0.0490604564547538,rd_seed7_ld32_rl80,7,32,80
reaction_diffusion,latent_branch,0.0026291378308087,0.0032938269432634,0.0042205462232232,rd_seed7_ld32_rl80,7,32,80
reaction_diffusion,hybrid_2,0.0103581575676798,0.022762905806303,0.0346007421612739,rd_seed7_ld32_rl80,7,32,80
reaction_diffusion,hybrid_4,0.0062699201516807,0.0119897974655032,0.0164079517126083,rd_seed7_ld32_rl80,7,32,80
reaction_diffusion,hybrid_8,0.004155128262937,0.0067257001064717,0.0080804526805877,rd_seed7_ld32_rl80,7,32,80
reaction_diffusion,hybrid_16,0.0030737661290913,0.0043255975469946,0.004920553881675,rd_seed7_ld32_rl80,7,32,80
reaction_diffusion,latent,0.0030366759747266,0.0045741135254502,0.0060962424613535,rd_seed7_ld32_rl96,7,32,96
reaction_diffusion,state,0.180074542760849,0.2222717553377151,0.2307508140802383,rd_seed7_ld32_rl96,7,32,96
reaction_diffusion,latent_branch,0.0032803497742861,0.0053255879320204,0.0074316654354333,rd_seed7_ld32_rl96,7,32,96
reaction_diffusion,hybrid_2,0.0522145554423332,0.1091002002358436,0.0895061865448951,rd_seed7_ld32_rl96,7,32,96
reaction_diffusion,hybrid_4,0.0120575278997421,0.0201654452830553,0.0312854126095771,rd_seed7_ld32_rl96,7,32,96
reaction_diffusion,hybrid_8,0.0049825101159513,0.0066420412622392,0.0081804618239402,rd_seed7_ld32_rl96,7,32,96
reaction_diffusion,hybrid_16,0.003386587370187,0.0043659415096044,0.005070493556559,rd_seed7_ld32_rl96,7,32,96
reaction_diffusion,latent,0.005018922034651,0.0108492355793714,0.0142194041982293,rd_seed7_ld32_rl112,7,32,112
reaction_diffusion,state,0.0457367077469825,0.1529740691184997,0.1446915566921234,rd_seed7_ld32_rl112,7,32,112
reaction_diffusion,latent_branch,0.0067558195441961,0.0153978262096643,0.0217750594019889,rd_seed7_ld32_rl112,7,32,112
reaction_diffusion,hybrid_2,0.0136770904064178,0.0366171561181545,0.0491164177656173,rd_seed7_ld32_rl112,7,32,112
reaction_diffusion,hybrid_4,0.0078905615955591,0.0173157192766666,0.0211760438978672,rd_seed7_ld32_rl112,7,32,112
reaction_diffusion,hybrid_8,0.0059856888838112,0.0120613034814596,0.0141384797170758,rd_seed7_ld32_rl112,7,32,112
reaction_diffusion,hybrid_16,0.0049811210483312,0.0096523063257336,0.0111696533858776,rd_seed7_ld32_rl112,7,32,112
reaction_diffusion,latent,0.0025258930400013,0.0027631644625216,0.0034773298539221,rd_seed11_ld16_rl80,11,16,80
reaction_diffusion,state,0.0145598640665411,0.0377653129398822,0.0687393769621849,rd_seed11_ld16_rl80,11,16,80
reaction_diffusion,latent_branch,0.0037160883657634,0.004233306273818,0.0046450328081846,rd_seed11_ld16_rl80,11,16,80
reaction_diffusion,hybrid_2,0.004659273661673,0.0081827295944094,0.0173584334552288,rd_seed11_ld16_rl80,11,16,80
reaction_diffusion,hybrid_4,0.0031544554512947,0.0039943899028003,0.0055110296234488,rd_seed11_ld16_rl80,11,16,80
reaction_diffusion,hybrid_8,0.0028325871098786,0.0032449231948703,0.0039787106215953,rd_seed11_ld16_rl80,11,16,80
reaction_diffusion,hybrid_16,0.0026053013280034,0.0028059682808816,0.0033126685302704,rd_seed11_ld16_rl80,11,16,80
reaction_diffusion,latent,0.0032143394928425,0.0046630743891,0.0062369597144424,rd_seed11_ld16_rl96,11,16,96
reaction_diffusion,state,0.0856231600046157,0.0824413672089576,0.0684270188212394,rd_seed11_ld16_rl96,11,16,96
reaction_diffusion,latent_branch,0.0059505915269255,0.0068577551282942,0.0079744793474674,rd_seed11_ld16_rl96,11,16,96
reaction_diffusion,hybrid_2,0.0191973708570003,0.0148794334381818,0.0143030742183327,rd_seed11_ld16_rl96,11,16,96
reaction_diffusion,hybrid_4,0.0070996670983731,0.0071256761439144,0.0085984962061047,rd_seed11_ld16_rl96,11,16,96
reaction_diffusion,hybrid_8,0.0040585310198366,0.0047583426348865,0.0059981532394886,rd_seed11_ld16_rl96,11,16,96
reaction_diffusion,hybrid_16,0.0031623670365661,0.0040224543772637,0.0051933508366346,rd_seed11_ld16_rl96,11,16,96
reaction_diffusion,latent,0.0067962510511279,0.0139249246567487,0.0171247366815805,rd_seed11_ld16_rl112,11,16,112
reaction_diffusion,state,0.0253249239176511,0.0592015460133552,0.0927510559558868,rd_seed11_ld16_rl112,11,16,112
reaction_diffusion,latent_branch,0.0093005718663334,0.0183060001581907,0.0255467221140861,rd_seed11_ld16_rl112,11,16,112
reaction_diffusion,hybrid_2,0.0119877597317099,0.0312273539602756,0.0537035316228866,rd_seed11_ld16_rl112,11,16,112
reaction_diffusion,hybrid_4,0.0058774864301085,0.0130042312666773,0.0185927227139472,rd_seed11_ld16_rl112,11,16,112
reaction_diffusion,hybrid_8,0.0044874045997858,0.0090119261294603,0.0116094388067722,rd_seed11_ld16_rl112,11,16,112
reaction_diffusion,hybrid_16,0.0046334038488566,0.0089825829491019,0.010916331782937,rd_seed11_ld16_rl112,11,16,112
reaction_diffusion,latent,0.0024752675089985,0.002432543085888,0.0028696036897599,rd_seed11_ld20_rl80,11,20,80
reaction_diffusion,state,0.0029604148585349,0.0030430520419031,0.0033629634417593,rd_seed11_ld20_rl80,11,20,80
reaction_diffusion,latent_branch,0.0033912560902535,0.0033311462029814,0.003505838336423,rd_seed11_ld20_rl80,11,20,80
reaction_diffusion,hybrid_2,0.0025871745310723,0.0025798743590712,0.0029763309285044,rd_seed11_ld20_rl80,11,20,80
reaction_diffusion,hybrid_4,0.0024972383398562,0.0024628168903291,0.002881366526708,rd_seed11_ld20_rl80,11,20,80
reaction_diffusion,hybrid_8,0.0024762754328548,0.002433834131807,0.0028642860706895,rd_seed11_ld20_rl80,11,20,80
reaction_diffusion,hybrid_16,0.0024720143992453,0.0024263705126941,0.0028608997818082,rd_seed11_ld20_rl80,11,20,80
reaction_diffusion,latent,0.0031418611761182,0.0047941892407834,0.0061058322899043,rd_seed11_ld20_rl96,11,20,96
reaction_diffusion,state,0.0458941459655761,0.0610472299158573,0.0606926865875721,rd_seed11_ld20_rl96,11,20,96
reaction_diffusion,latent_branch,0.0048395856283605,0.0066083893179893,0.0080621810629963,rd_seed11_ld20_rl96,11,20,96
reaction_diffusion,hybrid_2,0.0359106808900833,0.0628058314323425,0.0641580298542976,rd_seed11_ld20_rl96,11,20,96
reaction_diffusion,hybrid_4,0.0178733561187982,0.0472622886300087,0.0643120557069778,rd_seed11_ld20_rl96,11,20,96
reaction_diffusion,hybrid_8,0.0043859216384589,0.007732615340501,0.0099543537944555,rd_seed11_ld20_rl96,11,20,96
reaction_diffusion,hybrid_16,0.0031382672023028,0.0046222414821386,0.0056644212454557,rd_seed11_ld20_rl96,11,20,96
reaction_diffusion,latent,0.0048143318854272,0.00866808462888,0.0101345106959342,rd_seed11_ld20_rl112,11,20,112
reaction_diffusion,state,0.1561495810747146,0.2332790344953537,0.2271735221147537,rd_seed11_ld20_rl112,11,20,112
reaction_diffusion,latent_branch,0.0068590603768825,0.0137065257877111,0.0185489226132631,rd_seed11_ld20_rl112,11,20,112
reaction_diffusion,hybrid_2,0.0540932975709438,0.0997707769274711,0.0780626013875007,rd_seed11_ld20_rl112,11,20,112
reaction_diffusion,hybrid_4,0.023097762838006,0.0531471744179725,0.0568014532327652,rd_seed11_ld20_rl112,11,20,112
reaction_diffusion,hybrid_8,0.009847012348473,0.0206927638500928,0.0240226089954376,rd_seed11_ld20_rl112,11,20,112
reaction_diffusion,hybrid_16,0.0060915653593838,0.0113195125013589,0.0125821446999907,rd_seed11_ld20_rl112,11,20,112
reaction_diffusion,latent,0.0026488797739148,0.0029900837689638,0.0036849530879408,rd_seed11_ld24_rl80,11,24,80
reaction_diffusion,state,0.0404953733086586,0.0346805192530155,0.0377176329493522,rd_seed11_ld24_rl80,11,24,80
reaction_diffusion,latent_branch,0.0033202006015926,0.0041677388362586,0.004910372197628,rd_seed11_ld24_rl80,11,24,80
reaction_diffusion,hybrid_2,0.0137108629569411,0.0102565549314022,0.0091274352744221,rd_seed11_ld24_rl80,11,24,80
reaction_diffusion,hybrid_4,0.0058244280517101,0.0047540846280753,0.0047862250357866,rd_seed11_ld24_rl80,11,24,80
reaction_diffusion,hybrid_8,0.0034505510702729,0.0031797990668565,0.0036344695836305,rd_seed11_ld24_rl80,11,24,80
reaction_diffusion,hybrid_16,0.0028064013458788,0.0028941670898348,0.0035008264239877,rd_seed11_ld24_rl80,11,24,80
reaction_diffusion,latent,0.0041311709210276,0.0077268844470381,0.0113730076700448,rd_seed11_ld24_rl96,11,24,96
reaction_diffusion,state,0.0037769901100546,0.004618433304131,0.0072560859844088,rd_seed11_ld24_rl96,11,24,96
reaction_diffusion,latent_branch,0.0052806711755692,0.0092262951657176,0.0134263876825571,rd_seed11_ld24_rl96,11,24,96
reaction_diffusion,hybrid_2,0.0031461038161069,0.004035810008645,0.0055360733531415,rd_seed11_ld24_rl96,11,24,96
reaction_diffusion,hybrid_4,0.0029920369852334,0.0040171518921852,0.0051497956737875,rd_seed11_ld24_rl96,11,24,96
reaction_diffusion,hybrid_8,0.0029571985360234,0.0041499105282127,0.0052344510331749,rd_seed11_ld24_rl96,11,24,96
reaction_diffusion,hybrid_16,0.0030569895170629,0.0045101689174771,0.0057562310248613,rd_seed11_ld24_rl96,11,24,96
reaction_diffusion,latent,0.007189180701971,0.0175886657088994,0.024850046262145,rd_seed11_ld24_rl112,11,24,112
reaction_diffusion,state,0.0137479472905397,0.0228990633040666,0.0344996303319931,rd_seed11_ld24_rl112,11,24,112
reaction_diffusion,latent_branch,0.0131854619830846,0.0368468649685382,0.0596247687935829,rd_seed11_ld24_rl112,11,24,112
reaction_diffusion,hybrid_2,0.0080039193853735,0.0156847797334194,0.0222201403230428,rd_seed11_ld24_rl112,11,24,112
reaction_diffusion,hybrid_4,0.0055435514077544,0.011008134111762,0.014359357766807,rd_seed11_ld24_rl112,11,24,112
reaction_diffusion,hybrid_8,0.004338966216892,0.0081786569207906,0.009884824976325,rd_seed11_ld24_rl112,11,24,112
reaction_diffusion,hybrid_16,0.0041299909353256,0.007687761913985,0.0090752858668565,rd_seed11_ld24_rl112,11,24,112
reaction_diffusion,latent,0.0024863064754754,0.0025040677282959,0.0029693183023482,rd_seed11_ld28_rl80,11,28,80
reaction_diffusion,state,0.0028414328116923,0.0028428665827959,0.0035112663172185,rd_seed11_ld28_rl80,11,28,80
reaction_diffusion,latent_branch,0.002757747657597,0.0026872642338275,0.0030437563546001,rd_seed11_ld28_rl80,11,28,80
reaction_diffusion,hybrid_2,0.0025929913390427,0.0025702530983835,0.0030071216169744,rd_seed11_ld28_rl80,11,28,80
reaction_diffusion,hybrid_4,0.0025180329103022,0.0024958222638815,0.0028802417218685,rd_seed11_ld28_rl80,11,28,80
reaction_diffusion,hybrid_8,0.0024941402953118,0.0024634771980345,0.0028429459780454,rd_seed11_ld28_rl80,11,28,80
reaction_diffusion,hybrid_16,0.0024826743174344,0.0024472326040267,0.0028316755779087,rd_seed11_ld28_rl80,11,28,80
reaction_diffusion,latent,0.003597347298637,0.0056298607960343,0.0068047703243792,rd_seed11_ld28_rl96,11,28,96
reaction_diffusion,state,0.0432245917618274,0.1098972931504249,0.1857342272996902,rd_seed11_ld28_rl96,11,28,96
reaction_diffusion,latent_branch,0.0053734485991299,0.0081826439127326,0.009084140881896,rd_seed11_ld28_rl96,11,28,96
reaction_diffusion,hybrid_2,0.0117179220542311,0.0220900624990463,0.0266032684594392,rd_seed11_ld28_rl96,11,28,96
reaction_diffusion,hybrid_4,0.0069213318638503,0.012043965049088,0.0139507353305816,rd_seed11_ld28_rl96,11,28,96
reaction_diffusion,hybrid_8,0.0049396716058254,0.0082823000848293,0.0097321644425392,rd_seed11_ld28_rl96,11,28,96
reaction_diffusion,hybrid_16,0.0038625162560492,0.0060816127806901,0.0070531042292714,rd_seed11_ld28_rl96,11,28,96
reaction_diffusion,latent,0.0044663101434707,0.0080790147185325,0.0093749836087226,rd_seed11_ld28_rl112,11,28,112
reaction_diffusion,state,0.0065679727122187,0.0109669994562864,0.015910355374217,rd_seed11_ld28_rl112,11,28,112
reaction_diffusion,latent_branch,0.0072595016099512,0.0166876018047332,0.0237044040113687,rd_seed11_ld28_rl112,11,28,112
reaction_diffusion,hybrid_2,0.0043010762892663,0.0072893183678388,0.0091684637591242,rd_seed11_ld28_rl112,11,28,112
reaction_diffusion,hybrid_4,0.0036682565696537,0.0059985872358083,0.006740154698491,rd_seed11_ld28_rl112,11,28,112
reaction_diffusion,hybrid_8,0.0037429814692586,0.0063892980106174,0.0072665177285671,rd_seed11_ld28_rl112,11,28,112
reaction_diffusion,hybrid_16,0.0038782265037298,0.0066902516409754,0.0075708283111453,rd_seed11_ld28_rl112,11,28,112
reaction_diffusion,latent,0.00255020824261,0.0028584953397512,0.0034483219496905,rd_seed11_ld32_rl80,11,32,80
reaction_diffusion,state,0.0368043407797813,0.0521406829357147,0.0531353540718555,rd_seed11_ld32_rl80,11,32,80
reaction_diffusion,latent_branch,0.0030366401188075,0.0034179382491856,0.0040209568105638,rd_seed11_ld32_rl80,11,32,80
reaction_diffusion,hybrid_2,0.011855443008244,0.0161777269095182,0.0162020120769739,rd_seed11_ld32_rl80,11,32,80
reaction_diffusion,hybrid_4,0.0050539877265691,0.0063791475258767,0.0065614059567451,rd_seed11_ld32_rl80,11,32,80
reaction_diffusion,hybrid_8,0.0031615782063454,0.0036580148153007,0.0039779129438102,rd_seed11_ld32_rl80,11,32,80
reaction_diffusion,hybrid_16,0.0026600135024636,0.0029674465768039,0.003392627928406,rd_seed11_ld32_rl80,11,32,80
reaction_diffusion,latent,0.0047774091362953,0.0090992264449596,0.0115786362439394,rd_seed11_ld32_rl96,11,32,96
reaction_diffusion,state,0.0525250881910324,0.1532348096370697,0.2969046533107757,rd_seed11_ld32_rl96,11,32,96
reaction_diffusion,latent_branch,0.0069008735008537,0.0135761890560388,0.0175493061542511,rd_seed11_ld32_rl96,11,32,96
reaction_diffusion,hybrid_2,0.0080499127507209,0.0164108853787183,0.0214744210243225,rd_seed11_ld32_rl96,11,32,96
reaction_diffusion,hybrid_4,0.0038417503237724,0.0061464575119316,0.0072951512411236,rd_seed11_ld32_rl96,11,32,96
reaction_diffusion,hybrid_8,0.0029768489766865,0.0042436891235411,0.0049966643564403,rd_seed11_ld32_rl96,11,32,96
reaction_diffusion,hybrid_16,0.002902353182435,0.0041800579056143,0.0050738411955535,rd_seed11_ld32_rl96,11,32,96
reaction_diffusion,latent,0.0051528150215744,0.0098789222538471,0.0118626952171325,rd_seed11_ld32_rl112,11,32,112
reaction_diffusion,state,1.9279115200042725,3.8837175369262695,4.29010009765625,rd_seed11_ld32_rl112,11,32,112
reaction_diffusion,latent_branch,0.0075209378264844,0.0181029736995697,0.0258761942386627,rd_seed11_ld32_rl112,11,32,112
reaction_diffusion,hybrid_2,0.1349823772907257,0.1751087456941604,0.1020394265651702,rd_seed11_ld32_rl112,11,32,112
reaction_diffusion,hybrid_4,0.0428503826260566,0.1150756403803825,0.119142971932888,rd_seed11_ld32_rl112,11,32,112
reaction_diffusion,hybrid_8,0.0139003898948431,0.0354034788906574,0.0469066575169563,rd_seed11_ld32_rl112,11,32,112
reaction_diffusion,hybrid_16,0.0066636479459702,0.0138169825077056,0.0175454504787921,rd_seed11_ld32_rl112,11,32,112
reaction_diffusion,latent,0.0020780642516911,0.0020587062463164,0.0025048032402992,rd_seed13_ld16_rl80,13,16,80
reaction_diffusion,state,0.0105827953666448,0.0259139239788055,0.0358886420726776,rd_seed13_ld16_rl80,13,16,80
reaction_diffusion,latent_branch,0.0036694651935249,0.0037102021742612,0.0036787507124245,rd_seed13_ld16_rl80,13,16,80
reaction_diffusion,hybrid_2,0.0047845630906522,0.0091727627441287,0.0166768077760934,rd_seed13_ld16_rl80,13,16,80
reaction_diffusion,hybrid_4,0.0027914559468626,0.0034438059665262,0.0044497502967715,rd_seed13_ld16_rl80,13,16,80
reaction_diffusion,hybrid_8,0.002329570474103,0.0024201699998229,0.0028623128309845,rd_seed13_ld16_rl80,13,16,80
reaction_diffusion,hybrid_16,0.0021712454035878,0.0021820738911628,0.0026147835887968,rd_seed13_ld16_rl80,13,16,80
reaction_diffusion,latent,0.0026602738071233,0.0039775436744093,0.0049821212887763,rd_seed13_ld16_rl96,13,16,96
reaction_diffusion,state,0.1509718000888824,0.1090612933039665,0.0875480622053146,rd_seed13_ld16_rl96,13,16,96
reaction_diffusion,latent_branch,0.005435302387923,0.0086251012980937,0.0109453564509749,rd_seed13_ld16_rl96,13,16,96
reaction_diffusion,hybrid_2,0.0479788966476917,0.0540834963321685,0.0356594659388065,rd_seed13_ld16_rl96,13,16,96
reaction_diffusion,hybrid_4,0.0136823439970612,0.0179725345224142,0.0179764386266469,rd_seed13_ld16_rl96,13,16,96
reaction_diffusion,hybrid_8,0.0051613328978419,0.0063557783141732,0.0067173307761549,rd_seed13_ld16_rl96,13,16,96
reaction_diffusion,hybrid_16,0.0031059039756655,0.003971901256591,0.0045158918946981,rd_seed13_ld16_rl96,13,16,96
reaction_diffusion,latent,0.0068778893910348,0.0145581178367137,0.0173255763947963,rd_seed13_ld16_rl112,13,16,112
reaction_diffusion,state,0.0831233337521553,0.2273024916648864,0.1872026622295379,rd_seed13_ld16_rl112,13,16,112
reaction_diffusion,latent_branch,0.008451267145574,0.0172889232635498,0.0232887715101242,rd_seed13_ld16_rl112,13,16,112
reaction_diffusion,hybrid_2,0.0376088544726371,0.116244152188301,0.1370962858200073,rd_seed13_ld16_rl112,13,16,112
reaction_diffusion,hybrid_4,0.0169693268835544,0.048358254134655,0.0640771239995956,rd_seed13_ld16_rl112,13,16,112
reaction_diffusion,hybrid_8,0.0091342162340879,0.0220539811998605,0.0271304156631231,rd_seed13_ld16_rl112,13,16,112
reaction_diffusion,hybrid_16,0.0066732983104884,0.0144830010831356,0.016711788251996,rd_seed13_ld16_rl112,13,16,112
reaction_diffusion,latent,0.0024571218527853,0.0024177259765565,0.0027397656813263,rd_seed13_ld20_rl80,13,20,80
reaction_diffusion,state,0.0879204794764518,0.0895139053463935,0.0781705304980278,rd_seed13_ld20_rl80,13,20,80
reaction_diffusion,latent_branch,0.0042055142112076,0.0039980127476155,0.0039812582544982,rd_seed13_ld20_rl80,13,20,80
reaction_diffusion,hybrid_2,0.0186696927994489,0.0177768059074878,0.0157906897366046,rd_seed13_ld20_rl80,13,20,80
reaction_diffusion,hybrid_4,0.006491526030004,0.0062213605269789,0.0058207530528306,rd_seed13_ld20_rl80,13,20,80
reaction_diffusion,hybrid_8,0.0036846220027655,0.0036232590209692,0.0036879270337522,rd_seed13_ld20_rl80,13,20,80
reaction_diffusion,hybrid_16,0.0028890138491988,0.0028914483264088,0.0031139936763793,rd_seed13_ld20_rl80,13,20,80
reaction_diffusion,latent,0.0034470616374164,0.0055528287775814,0.0070786573924124,rd_seed13_ld20_rl96,13,20,96
reaction_diffusion,state,0.0095083825290203,0.0230033732950687,0.0344872549176216,rd_seed13_ld20_rl96,13,20,96
reaction_diffusion,latent_branch,0.0061179976910352,0.0104548521339893,0.0141953006386756,rd_seed13_ld20_rl96,13,20,96
reaction_diffusion,hybrid_2,0.0052781784906983,0.0107561750337481,0.0172394067049026,rd_seed13_ld20_rl96,13,20,96
reaction_diffusion,hybrid_4,0.0038631909992545,0.0065442705526947,0.0088730081915855,rd_seed13_ld20_rl96,13,20,96
reaction_diffusion,hybrid_8,0.0035194414667785,0.0056084129028022,0.0071332538500428,rd_seed13_ld20_rl96,13,20,96
reaction_diffusion,hybrid_16,0.0034432453103363,0.0055225314572453,0.0069770473055541,rd_seed13_ld20_rl96,13,20,96
reaction_diffusion,latent,0.0070563028566539,0.0155256045982241,0.0187898389995098,rd_seed13_ld20_rl112,13,20,112
reaction_diffusion,state,0.0615917034447193,0.185529813170433,0.170662373304367,rd_seed13_ld20_rl112,13,20,112
reaction_diffusion,latent_branch,0.0079782037064433,0.0180040579289197,0.0239269230514764,rd_seed13_ld20_rl112,13,20,112
reaction_diffusion,hybrid_2,0.0102932984009385,0.0207477323710918,0.0277544986456632,rd_seed13_ld20_rl112,13,20,112
reaction_diffusion,hybrid_4,0.0056781233288347,0.0101608410477638,0.0122622596099972,rd_seed13_ld20_rl112,13,20,112
reaction_diffusion,hybrid_8,0.0043691243045032,0.0077881645411252,0.0088159069418907,rd_seed13_ld20_rl112,13,20,112
reaction_diffusion,hybrid_16,0.0040257424116134,0.007370960433036,0.0083484640344977,rd_seed13_ld20_rl112,13,20,112
reaction_diffusion,latent,0.0027710197027772,0.0039378846995532,0.0056834830902516,rd_seed13_ld24_rl80,13,24,80
reaction_diffusion,state,0.0347689017653465,0.0851839929819107,0.1372974514961242,rd_seed13_ld24_rl80,13,24,80
reaction_diffusion,latent_branch,0.0028933093417435,0.0036624632775783,0.0049701211974024,rd_seed13_ld24_rl80,13,24,80
reaction_diffusion,hybrid_2,0.0077497758902609,0.0144556500017642,0.0234373863786458,rd_seed13_ld24_rl80,13,24,80
reaction_diffusion,hybrid_4,0.0034926861990243,0.0043100453913211,0.0055641462095081,rd_seed13_ld24_rl80,13,24,80
reaction_diffusion,hybrid_8,0.0026873934548348,0.0028947142418473,0.003465374931693,rd_seed13_ld24_rl80,13,24,80
reaction_diffusion,hybrid_16,0.0024302520323544,0.0026339807081967,0.003208271227777,rd_seed13_ld24_rl80,13,24,80
reaction_diffusion,latent,0.0033514818642288,0.0055207717232406,0.0070833396166563,rd_seed13_ld24_rl96,13,24,96
reaction_diffusion,state,0.0084879882633686,0.019810751080513,0.0254144929349422,rd_seed13_ld24_rl96,13,24,96
reaction_diffusion,latent_branch,0.0052488623186945,0.0096422536298632,0.0138162886723876,rd_seed13_ld24_rl96,13,24,96
reaction_diffusion,hybrid_2,0.0049372473731637,0.0096871322020888,0.0131088271737098,rd_seed13_ld24_rl96,13,24,96
reaction_diffusion,hybrid_4,0.0034315634984523,0.0057034352794289,0.0074324440211057,rd_seed13_ld24_rl96,13,24,96
reaction_diffusion,hybrid_8,0.0027167326770722,0.0038391533307731,0.0046801273711025,rd_seed13_ld24_rl96,13,24,96
reaction_diffusion,hybrid_16,0.0026441232766956,0.0036825768183916,0.004416782874614,rd_seed13_ld24_rl96,13,24,96
reaction_diffusion,latent,0.0043410784564912,0.0082112038508057,0.009786126203835,rd_seed13_ld24_rl112,13,24,112
reaction_diffusion,state,0.0921538099646568,0.3028565049171448,0.3424376547336578,rd_seed13_ld24_rl112,13,24,112
reaction_diffusion,latent_branch,0.0079027730971574,0.0178941059857606,0.0251898579299449,rd_seed13_ld24_rl112,13,24,112
reaction_diffusion,hybrid_2,0.0254448633641004,0.0835534781217575,0.1199086233973503,rd_seed13_ld24_rl112,13,24,112
reaction_diffusion,hybrid_4,0.0073250760324299,0.0176670551300048,0.0244541633874177,rd_seed13_ld24_rl112,13,24,112
reaction_diffusion,hybrid_8,0.0046011046506464,0.0087843351066112,0.0100952042266726,rd_seed13_ld24_rl112,13,24,112
reaction_diffusion,hybrid_16,0.0043043326586484,0.0081990845501422,0.009556726552546,rd_seed13_ld24_rl112,13,24,112
reaction_diffusion,latent,0.0024388181045651,0.0028308692853897,0.0033425143919885,rd_seed13_ld28_rl80,13,28,80
reaction_diffusion,state,0.0168223101645708,0.0383239202201366,0.042581170797348,rd_seed13_ld28_rl80,13,28,80
reaction_diffusion,latent_branch,0.0034111619461327,0.0044119823724031,0.0052382322028279,rd_seed13_ld28_rl80,13,28,80
reaction_diffusion,hybrid_2,0.0052483971230685,0.0099584786221385,0.019159210845828,rd_seed13_ld28_rl80,13,28,80
reaction_diffusion,hybrid_4,0.0025809707585722,0.0026824667584151,0.0032479150686413,rd_seed13_ld28_rl80,13,28,80
reaction_diffusion,hybrid_8,0.002373237395659,0.0024242582730948,0.0028625463601201,rd_seed13_ld28_rl80,13,28,80
reaction_diffusion,hybrid_16,0.0023431966546922,0.0025026798248291,0.0030042082071304,rd_seed13_ld28_rl80,13,28,80
reaction_diffusion,latent,0.0026806411333382,0.0038664971943944,0.0048648230731487,rd_seed13_ld28_rl96,13,28,96
reaction_diffusion,state,0.1154053881764411,0.3070937991142273,0.4336127638816833,rd_seed13_ld28_rl96,13,28,96
reaction_diffusion,latent_branch,0.0044854995794594,0.0071816416457295,0.0090852603316307,rd_seed13_ld28_rl96,13,28,96
reaction_diffusion,hybrid_2,0.0350367277860641,0.0865498855710029,0.1074470430612564,rd_seed13_ld28_rl96,13,28,96
reaction_diffusion,hybrid_4,0.0115358224138617,0.0288339555263519,0.0416587628424167,rd_seed13_ld28_rl96,13,28,96
reaction_diffusion,hybrid_8,0.0042926417663693,0.0079439375549554,0.0101465042680501,rd_seed13_ld28_rl96,13,28,96
reaction_diffusion,hybrid_16,0.0030854663345962,0.0047985161654651,0.0057699517346918,rd_seed13_ld28_rl96,13,28,96
reaction_diffusion,latent,0.0042201760224998,0.0080288369208574,0.0096643716096878,rd_seed13_ld28_rl112,13,28,112
reaction_diffusion,state,0.0119053684175014,0.0281425341963768,0.0438010990619659,rd_seed13_ld28_rl112,13,28,112
reaction_diffusion,latent_branch,0.0056067621335387,0.0118367699906229,0.0161337610334157,rd_seed13_ld28_rl112,13,28,112
reaction_diffusion,hybrid_2,0.0072105871513485,0.0153322536498308,0.0214220341295003,rd_seed13_ld28_rl112,13,28,112
reaction_diffusion,hybrid_4,0.0055355532094836,0.010628018528223,0.0128039745613932,rd_seed13_ld28_rl112,13,28,112
reaction_diffusion,hybrid_8,0.0049899485893547,0.0094009069725871,0.0108687030151486,rd_seed13_ld28_rl112,13,28,112
reaction_diffusion,hybrid_16,0.0045857457444071,0.0085281915962696,0.0096740433946251,rd_seed13_ld28_rl112,13,28,112
reaction_diffusion,latent,0.0022787689231336,0.0023368555121123,0.0028453366830945,rd_seed13_ld32_rl80,13,32,80
reaction_diffusion,state,0.0189433135092258,0.0334647223353385,0.0354202315211296,rd_seed13_ld32_rl80,13,32,80
reaction_diffusion,latent_branch,0.0026780762709677,0.0027843362186104,0.0033528541680425,rd_seed13_ld32_rl80,13,32,80
reaction_diffusion,hybrid_2,0.0175468418747186,0.0339424982666969,0.0375446043908596,rd_seed13_ld32_rl80,13,32,80
reaction_diffusion,hybrid_4,0.0140591319650411,0.0302203763276338,0.0380949452519416,rd_seed13_ld32_rl80,13,32,80
reaction_diffusion,hybrid_8,0.0073204124346375,0.0147106684744358,0.019805284217,rd_seed13_ld32_rl80,13,32,80
reaction_diffusion,hybrid_16,0.0035707636270672,0.0053007104434072,0.006161943078041,rd_seed13_ld32_rl80,13,32,80
reaction_diffusion,latent,0.0049905967898666,0.0098746158182621,0.0129844769835472,rd_seed13_ld32_rl96,13,32,96
reaction_diffusion,state,0.0068289348855614,0.0101680560037493,0.0177377685904502,rd_seed13_ld32_rl96,13,32,96
reaction_diffusion,latent_branch,0.0072216857224702,0.0139373410493135,0.0178437456488609,rd_seed13_ld32_rl96,13,32,96
reaction_diffusion,hybrid_2,0.0033097004052251,0.0041054203175008,0.0050915982574224,rd_seed13_ld32_rl96,13,32,96
reaction_diffusion,hybrid_4,0.0026639434508979,0.0032984677236527,0.0039434200152754,rd_seed13_ld32_rl96,13,32,96
reaction_diffusion,hybrid_8,0.0025431916583329,0.0032669203355908,0.00392083870247,rd_seed13_ld32_rl96,13,32,96
reaction_diffusion,hybrid_16,0.0025207721628248,0.0033584516495466,0.0040793153457343,rd_seed13_ld32_rl96,13,32,96
reaction_diffusion,latent,0.0081645883619785,0.0198114775121212,0.0243009030818939,rd_seed13_ld32_rl112,13,32,112
reaction_diffusion,state,0.5926837921142578,1.5366029739379885,1.6793712377548218,rd_seed13_ld32_rl112,13,32,112
reaction_diffusion,latent_branch,0.01125352922827,0.0261556636542081,0.0327659361064434,rd_seed13_ld32_rl112,13,32,112
reaction_diffusion,hybrid_2,0.070170558989048,0.2630001008510589,0.4375822246074676,rd_seed13_ld32_rl112,13,32,112
reaction_diffusion,hybrid_4,0.0053264223970472,0.0116056883707642,0.0145436655730009,rd_seed13_ld32_rl112,13,32,112
reaction_diffusion,hybrid_8,0.0045025460422039,0.0092984810471534,0.0111519293859601,rd_seed13_ld32_rl112,13,32,112
reaction_diffusion,hybrid_16,0.004832467995584,0.0102718584239482,0.0123904822394251,rd_seed13_ld32_rl112,13,32,112
