system,step,latent_damage_mse,state_damage_rel_mse,direct_ground_damage_rel_mse,run_name,seed,latent_dim,rollout_len
reaction_diffusion,1,0.0002653370320331,3.714021295309067e-05,7.380615716101602e-05,rd_seed7_ld16_rl80,7,16,80
reaction_diffusion,2,0.0001395951694576,2.799177673296072e-05,7.007304520811886e-05,rd_seed7_ld16_rl80,7,16,80
reaction_diffusion,3,9.025827603181824e-05,2.597805723780766e-05,6.54875548207201e-05,rd_seed7_ld16_rl80,7,16,80
reaction_diffusion,4,6.954065611353144e-05,2.599192339403089e-05,6.0703125200234354e-05,rd_seed7_ld16_rl80,7,16,80
reaction_diffusion,5,5.5907032219693065e-05,2.5137833290500566e-05,5.628194048767909e-05,rd_seed7_ld16_rl80,7,16,80
reaction_diffusion,6,4.690908463089727e-05,2.4665470846230164e-05,5.179356230655685e-05,rd_seed7_ld16_rl80,7,16,80
reaction_diffusion,7,4.225269731250592e-05,2.3824874006095342e-05,4.807933873962611e-05,rd_seed7_ld16_rl80,7,16,80
reaction_diffusion,8,3.624643068178557e-05,2.2431029719882645e-05,4.380220707389526e-05,rd_seed7_ld16_rl80,7,16,80
reaction_diffusion,9,2.8441714675864205e-05,1.834599061112385e-05,4.114788316655904e-05,rd_seed7_ld16_rl80,7,16,80
reaction_diffusion,10,2.5461489713052288e-05,1.6701704225852154e-05,3.75048111891374e-05,rd_seed7_ld16_rl80,7,16,80
reaction_diffusion,11,2.2392028768081215e-05,1.5482748494832776e-05,3.3700463973218575e-05,rd_seed7_ld16_rl80,7,16,80
reaction_diffusion,12,2.085083178826608e-05,1.3902077625971287e-05,3.104519419139251e-05,rd_seed7_ld16_rl80,7,16,80
reaction_diffusion,13,1.806211912480649e-05,1.216126747749513e-05,2.8319411285337992e-05,rd_seed7_ld16_rl80,7,16,80
reaction_diffusion,14,1.7103013306041248e-05,1.1253953744017052e-05,2.453379966027569e-05,rd_seed7_ld16_rl80,7,16,80
reaction_diffusion,15,1.6361842426704243e-05,1.0594163541099988e-05,2.1988946173223667e-05,rd_seed7_ld16_rl80,7,16,80
reaction_diffusion,16,1.58737620949978e-05,9.936501555785073e-06,1.956368396349717e-05,rd_seed7_ld16_rl80,7,16,80
reaction_diffusion,1,0.0017796070314943,0.0008805589168332,7.156567880883813e-05,rd_seed7_ld16_rl96,7,16,96
reaction_diffusion,2,0.0015707664424553,0.0009832509094849,6.206655234564096e-05,rd_seed7_ld16_rl96,7,16,96
reaction_diffusion,3,0.0015928775537759,0.001067558536306,5.291709749144502e-05,rd_seed7_ld16_rl96,7,16,96
reaction_diffusion,4,0.0015225480310618,0.0010993463220074,4.372176044853404e-05,rd_seed7_ld16_rl96,7,16,96
reaction_diffusion,5,0.001378437038511,0.0010796727146953,3.568039755919017e-05,rd_seed7_ld16_rl96,7,16,96
reaction_diffusion,6,0.0012186376843601,0.0010349879739806,2.7217216484132223e-05,rd_seed7_ld16_rl96,7,16,96
reaction_diffusion,7,0.0010684024309739,0.0009677755297161,1.9887809685315005e-05,rd_seed7_ld16_rl96,7,16,96
reaction_diffusion,8,0.0009405757300555,0.000890331226401,1.3985135410621297e-05,rd_seed7_ld16_rl96,7,16,96
reaction_diffusion,9,0.0008268536184914,0.0007964419201016,9.431505532120354e-06,rd_seed7_ld16_rl96,7,16,96
reaction_diffusion,10,0.0007305879262275,0.0006980382022447,6.055313860997558e-06,rd_seed7_ld16_rl96,7,16,96
reaction_diffusion,11,0.0006532594561576,0.0006045693298801,3.637254394561751e-06,rd_seed7_ld16_rl96,7,16,96
reaction_diffusion,12,0.0005933404318057,0.0005194543628022,2.2398751298169373e-06,rd_seed7_ld16_rl96,7,16,96
reaction_diffusion,13,0.0005448908777907,0.0004411338886711,1.5169293874350842e-06,rd_seed7_ld16_rl96,7,16,96
reaction_diffusion,14,0.0005067112506367,0.0003746135917026,1.5160434259087197e-06,rd_seed7_ld16_rl96,7,16,96
reaction_diffusion,15,0.0004778447328135,0.0003180119092576,1.8527393876865968e-06,rd_seed7_ld16_rl96,7,16,96
reaction_diffusion,16,0.0004557190986815,0.0002719944750424,2.4852727165125543e-06,rd_seed7_ld16_rl96,7,16,96
reaction_diffusion,1,0.0004015090526081,7.768368232063949e-05,7.308657222893089e-05,rd_seed7_ld16_rl112,7,16,112
reaction_diffusion,2,0.0001557141367811,3.819457197096199e-05,6.541439506690949e-05,rd_seed7_ld16_rl112,7,16,112
reaction_diffusion,3,8.693411655258387e-05,2.5370456569362432e-05,5.802940722787753e-05,rd_seed7_ld16_rl112,7,16,112
reaction_diffusion,4,6.328969175228849e-05,2.2240668840822764e-05,5.326549944584258e-05,rd_seed7_ld16_rl112,7,16,112
reaction_diffusion,5,5.48813259229064e-05,2.1977642973070036e-05,4.752511813421734e-05,rd_seed7_ld16_rl112,7,16,112
reaction_diffusion,6,5.308971230988391e-05,2.4483653760398735e-05,4.224523217999376e-05,rd_seed7_ld16_rl112,7,16,112
reaction_diffusion,7,5.484990469994955e-05,2.8285427106311545e-05,3.667952842079103e-05,rd_seed7_ld16_rl112,7,16,112
reaction_diffusion,8,5.820712976856157e-05,3.255812771385536e-05,3.186763569829054e-05,rd_seed7_ld16_rl112,7,16,112
reaction_diffusion,9,6.25033862888813e-05,3.693469989229925e-05,2.781205330393277e-05,rd_seed7_ld16_rl112,7,16,112
reaction_diffusion,10,6.865263276267797e-05,4.229357000440359e-05,2.3154421796789396e-05,rd_seed7_ld16_rl112,7,16,112
reaction_diffusion,11,7.254168303916231e-05,4.6348508476512507e-05,1.8827058738679625e-05,rd_seed7_ld16_rl112,7,16,112
reaction_diffusion,12,7.614120841026306e-05,4.9356727686244994e-05,1.5384232028736733e-05,rd_seed7_ld16_rl112,7,16,112
reaction_diffusion,13,7.937628834042698e-05,5.1072300266241655e-05,1.2567260455398356e-05,rd_seed7_ld16_rl112,7,16,112
reaction_diffusion,14,8.32004370749928e-05,5.255742144072428e-05,9.68143649515696e-06,rd_seed7_ld16_rl112,7,16,112
reaction_diffusion,15,8.724652434466407e-05,5.330404746928252e-05,7.167398507590406e-06,rd_seed7_ld16_rl112,7,16,112
reaction_diffusion,16,9.132103878073394e-05,5.263245111564174e-05,5.47323043065262e-06,rd_seed7_ld16_rl112,7,16,112
reaction_diffusion,1,0.0005462007829919,4.28485800512135e-05,7.649362669326365e-05,rd_seed7_ld20_rl80,7,20,80
reaction_diffusion,2,0.0001475555327488,2.8898439268232323e-05,7.3715862527024e-05,rd_seed7_ld20_rl80,7,20,80
reaction_diffusion,3,8.658935985295102e-05,2.657046752574388e-05,6.629758718190715e-05,rd_seed7_ld20_rl80,7,20,80
reaction_diffusion,4,5.788206908619031e-05,2.481697993061971e-05,6.139199831523001e-05,rd_seed7_ld20_rl80,7,20,80
reaction_diffusion,5,4.22605371568352e-05,2.301773020008113e-05,5.744458030676469e-05,rd_seed7_ld20_rl80,7,20,80
reaction_diffusion,6,3.156126331305131e-05,2.0602070435415957e-05,5.246822547633201e-05,rd_seed7_ld20_rl80,7,20,80
reaction_diffusion,7,2.477809903211892e-05,1.854443507909309e-05,4.859470936935395e-05,rd_seed7_ld20_rl80,7,20,80
reaction_diffusion,8,1.7965507140615955e-05,1.3808656149194576e-05,4.451544737094082e-05,rd_seed7_ld20_rl80,7,20,80
reaction_diffusion,9,1.1539448678377084e-05,9.231193871528376e-06,4.02952719014138e-05,rd_seed7_ld20_rl80,7,20,80
reaction_diffusion,10,7.548710073024267e-06,5.752639481215738e-06,3.706673305714503e-05,rd_seed7_ld20_rl80,7,20,80
reaction_diffusion,11,5.474765657709213e-06,4.343018190411385e-06,3.315122739877552e-05,rd_seed7_ld20_rl80,7,20,80
reaction_diffusion,12,4.589775926433504e-06,3.7198021800577408e-06,2.9056272978778e-05,rd_seed7_ld20_rl80,7,20,80
reaction_diffusion,13,3.085223625021172e-06,1.2261427855264628e-06,2.6573741706670265e-05,rd_seed7_ld20_rl80,7,20,80
reaction_diffusion,14,2.5106792236329056e-06,9.071018780559824e-07,2.4112499886541627e-05,rd_seed7_ld20_rl80,7,20,80
reaction_diffusion,15,2.2161493689054623e-06,4.959446755492536e-07,2.091992973873857e-05,rd_seed7_ld20_rl80,7,20,80
reaction_diffusion,16,1.415378505953413e-06,2.788471817893879e-07,1.7219441360794008e-05,rd_seed7_ld20_rl80,7,20,80
reaction_diffusion,1,0.0005809779977425,0.000153947781655,7.243472646223381e-05,rd_seed7_ld20_rl96,7,20,96
reaction_diffusion,2,0.0002547191397752,0.0001228237815666,6.410835339920595e-05,rd_seed7_ld20_rl96,7,20,96
reaction_diffusion,3,0.0001943762617884,0.0001256709510926,5.7551467762095854e-05,rd_seed7_ld20_rl96,7,20,96
reaction_diffusion,4,0.0001831288245739,0.0001332367100985,5.006118590245024e-05,rd_seed7_ld20_rl96,7,20,96
reaction_diffusion,5,0.0001827731030061,0.0001401811605319,4.397934389999136e-05,rd_seed7_ld20_rl96,7,20,96
reaction_diffusion,6,0.0001791742834029,0.0001437263999832,3.726184513652697e-05,rd_seed7_ld20_rl96,7,20,96
reaction_diffusion,7,0.0001756134734023,0.0001446592068532,3.2026695407694206e-05,rd_seed7_ld20_rl96,7,20,96
reaction_diffusion,8,0.0001668613404035,0.0001399028260493,2.6049139705719423e-05,rd_seed7_ld20_rl96,7,20,96
reaction_diffusion,9,0.0001592519984114,0.0001332108513452,2.1009740521549247e-05,rd_seed7_ld20_rl96,7,20,96
reaction_diffusion,10,0.0001492345763836,0.0001246158353751,1.6983665773295797e-05,rd_seed7_ld20_rl96,7,20,96
reaction_diffusion,11,0.0001423076173523,0.0001181245097541,1.3136731467966456e-05,rd_seed7_ld20_rl96,7,20,96
reaction_diffusion,12,0.0001336373388767,0.0001094145627575,1.0151539754588155e-05,rd_seed7_ld20_rl96,7,20,96
reaction_diffusion,13,0.0001246477622771,0.0001005629092105,7.36350148144993e-06,rd_seed7_ld20_rl96,7,20,96
reaction_diffusion,14,0.0001188318128697,9.399187547387557e-05,5.063240223535104e-06,rd_seed7_ld20_rl96,7,20,96
reaction_diffusion,15,0.000113781352411,8.764045924181119e-05,3.384679757800768e-06,rd_seed7_ld20_rl96,7,20,96
reaction_diffusion,16,0.0001093966639018,8.237543079303578e-05,2.0305301404732745e-06,rd_seed7_ld20_rl96,7,20,96
reaction_diffusion,1,0.0005956826498731,8.384672401007265e-05,6.794505316065624e-05,rd_seed7_ld20_rl112,7,20,112
reaction_diffusion,2,0.0001735632540658,3.45830230799038e-05,6.1912985984236e-05,rd_seed7_ld20_rl112,7,20,112
reaction_diffusion,3,8.626768976682797e-05,1.869009611255024e-05,5.488746319315396e-05,rd_seed7_ld20_rl112,7,20,112
reaction_diffusion,4,5.222959589445964e-05,1.1829657523776405e-05,5.11806138092652e-05,rd_seed7_ld20_rl112,7,20,112
reaction_diffusion,5,3.954578278353438e-05,9.241901352652349e-06,4.533884930424392e-05,rd_seed7_ld20_rl112,7,20,112
reaction_diffusion,6,2.975731695187278e-05,7.358017228398239e-06,3.993736754637212e-05,rd_seed7_ld20_rl112,7,20,112
reaction_diffusion,7,2.3828195480746217e-05,6.42244685877813e-06,3.658488640212454e-05,rd_seed7_ld20_rl112,7,20,112
reaction_diffusion,8,2.0014364054077305e-05,5.865324965270702e-06,3.192400254192762e-05,rd_seed7_ld20_rl112,7,20,112
reaction_diffusion,9,1.920905742736068e-05,6.212189418874914e-06,2.778575617412571e-05,rd_seed7_ld20_rl112,7,20,112
reaction_diffusion,10,1.7896289136842825e-05,6.65895549900597e-06,2.3738877644063905e-05,rd_seed7_ld20_rl112,7,20,112
reaction_diffusion,11,1.6117537597892806e-05,7.122027454897761e-06,2.037587000813801e-05,rd_seed7_ld20_rl112,7,20,112
reaction_diffusion,12,1.508249988546595e-05,7.425269359373487e-06,1.721319858916104e-05,rd_seed7_ld20_rl112,7,20,112
reaction_diffusion,13,1.3087890692986548e-05,6.691481758025475e-06,1.4146669855108485e-05,rd_seed7_ld20_rl112,7,20,112
reaction_diffusion,14,1.186649296869291e-05,6.148200554889627e-06,1.20483427963336e-05,rd_seed7_ld20_rl112,7,20,112
reaction_diffusion,15,9.910802873491775e-06,5.240475729806349e-06,9.455641702516004e-06,rd_seed7_ld20_rl112,7,20,112
reaction_diffusion,16,8.082343811111059e-06,4.1295293158327695e-06,7.767986062390264e-06,rd_seed7_ld20_rl112,7,20,112
reaction_diffusion,1,0.0010837757727131,6.9634617830161e-05,7.630695472471416e-05,rd_seed7_ld24_rl80,7,24,80
reaction_diffusion,2,0.0001133549667429,1.3977874004922342e-05,6.774380744900554e-05,rd_seed7_ld24_rl80,7,24,80
reaction_diffusion,3,1.913127380248625e-05,3.878970801451942e-06,6.177533941809088e-05,rd_seed7_ld24_rl80,7,24,80
reaction_diffusion,4,6.911830951139564e-06,2.1323985492927022e-06,6.082181789679453e-05,rd_seed7_ld24_rl80,7,24,80
reaction_diffusion,5,4.765397079609102e-06,2.413106585663627e-06,5.2884141041431576e-05,rd_seed7_ld24_rl80,7,24,80
reaction_diffusion,6,3.917547019227641e-06,2.46679269366723e-06,4.499307760852389e-05,rd_seed7_ld24_rl80,7,24,80
reaction_diffusion,7,3.890026619046694e-06,2.595807927718852e-06,4.2481085984036326e-05,rd_seed7_ld24_rl80,7,24,80
reaction_diffusion,8,5.018996489525307e-06,3.7724398680438753e-06,3.783054853556678e-05,rd_seed7_ld24_rl80,7,24,80
reaction_diffusion,9,6.4291548369510565e-06,4.941148290527053e-06,3.195039971615188e-05,rd_seed7_ld24_rl80,7,24,80
reaction_diffusion,10,7.987084245542064e-06,6.364683031279128e-06,3.029233994311653e-05,rd_seed7_ld24_rl80,7,24,80
reaction_diffusion,11,8.566616088501178e-06,7.286274467332987e-06,2.398518336121924e-05,rd_seed7_ld24_rl80,7,24,80
reaction_diffusion,12,8.785305908531882e-06,6.565787316503702e-06,2.211721584899351e-05,rd_seed7_ld24_rl80,7,24,80
reaction_diffusion,13,7.066557827783981e-06,6.13333577348385e-06,1.925904325617012e-05,rd_seed7_ld24_rl80,7,24,80
reaction_diffusion,14,6.7869736994907726e-06,5.3429407671501394e-06,1.5843044820940122e-05,rd_seed7_ld24_rl80,7,24,80
reaction_diffusion,15,5.94456059843651e-06,4.681184236687841e-06,1.261244233319303e-05,rd_seed7_ld24_rl80,7,24,80
reaction_diffusion,16,4.903808530798415e-06,3.7564291233138647e-06,1.0227040547761136e-05,rd_seed7_ld24_rl80,7,24,80
reaction_diffusion,1,0.0007160906097851,0.0001112818863475,7.107164128683507e-05,rd_seed7_ld24_rl96,7,24,96
reaction_diffusion,2,0.0001739421277306,3.825578824034892e-05,6.305574061116204e-05,rd_seed7_ld24_rl96,7,24,96
reaction_diffusion,3,5.659292219206691e-05,1.5629320841981098e-05,5.75268677494023e-05,rd_seed7_ld24_rl96,7,24,96
reaction_diffusion,4,2.0808707631658763e-05,7.389035545202205e-06,5.2903080359101295e-05,rd_seed7_ld24_rl96,7,24,96
reaction_diffusion,5,9.501696695224382e-06,4.785877990798326e-06,4.717905176221393e-05,rd_seed7_ld24_rl96,7,24,96
reaction_diffusion,6,5.775846602773527e-06,3.3244969017687254e-06,4.197910675429739e-05,rd_seed7_ld24_rl96,7,24,96
reaction_diffusion,7,4.411667305248557e-06,2.8774686597898835e-06,3.931592800654471e-05,rd_seed7_ld24_rl96,7,24,96
reaction_diffusion,8,4.772140982822748e-06,4.201125648251036e-06,3.2868840207811445e-05,rd_seed7_ld24_rl96,7,24,96
reaction_diffusion,9,6.245187705644639e-06,5.402761871664552e-06,3.04009245155612e-05,rd_seed7_ld24_rl96,7,24,96
reaction_diffusion,10,5.784741460956866e-06,4.908659320790321e-06,2.3113547285902317e-05,rd_seed7_ld24_rl96,7,24,96
reaction_diffusion,11,6.574150120286504e-06,5.74485875404207e-06,2.265395778522361e-05,rd_seed7_ld24_rl96,7,24,96
reaction_diffusion,12,6.377393674483756e-06,6.002013833494857e-06,1.9106801119050942e-05,rd_seed7_ld24_rl96,7,24,96
reaction_diffusion,13,5.900739324715687e-06,5.530908310902305e-06,1.549717126181349e-05,rd_seed7_ld24_rl96,7,24,96
reaction_diffusion,14,5.547336058953079e-06,5.55126143808593e-06,1.322920525126392e-05,rd_seed7_ld24_rl96,7,24,96
reaction_diffusion,15,5.936065008427249e-06,5.629526640404947e-06,1.1583483683352824e-05,rd_seed7_ld24_rl96,7,24,96
reaction_diffusion,16,5.898269137105672e-06,5.586692623182898e-06,9.215556929120794e-06,rd_seed7_ld24_rl96,7,24,96
reaction_diffusion,1,0.0006540345493704,9.999335452448575e-05,7.050520071061328e-05,rd_seed7_ld24_rl112,7,24,112
reaction_diffusion,2,0.0001902406220324,3.9242353523150086e-05,6.45414984319359e-05,rd_seed7_ld24_rl112,7,24,112
reaction_diffusion,3,7.624782301718369e-05,2.2287422325462103e-05,6.001344445394352e-05,rd_seed7_ld24_rl112,7,24,112
reaction_diffusion,4,4.19197058363352e-05,1.6853400666150264e-05,5.447900548460893e-05,rd_seed7_ld24_rl112,7,24,112
reaction_diffusion,5,2.6023857571999542e-05,1.3446434422803575e-05,5.014747512177564e-05,rd_seed7_ld24_rl112,7,24,112
reaction_diffusion,6,1.7409691281500272e-05,1.0381384527136106e-05,4.79665250168182e-05,rd_seed7_ld24_rl112,7,24,112
reaction_diffusion,7,1.271136261493666e-05,8.426797649008222e-06,4.202339914627373e-05,rd_seed7_ld24_rl112,7,24,112
reaction_diffusion,8,1.010916821542196e-05,6.97352106726612e-06,3.932975960196927e-05,rd_seed7_ld24_rl112,7,24,112
reaction_diffusion,9,8.238853297370952e-06,5.688466444553342e-06,3.361677227076143e-05,rd_seed7_ld24_rl112,7,24,112
reaction_diffusion,10,7.014501079538604e-06,4.698993052443257e-06,3.236587144783698e-05,rd_seed7_ld24_rl112,7,24,112
reaction_diffusion,11,5.981402409815928e-06,3.7964161947456887e-06,2.810367004713044e-05,rd_seed7_ld24_rl112,7,24,112
reaction_diffusion,12,4.578856987791369e-06,2.970139576063957e-06,2.429224332445301e-05,rd_seed7_ld24_rl112,7,24,112
reaction_diffusion,13,3.951102826249553e-06,2.395936917309882e-06,2.23652932618279e-05,rd_seed7_ld24_rl112,7,24,112
reaction_diffusion,14,3.539352974257781e-06,2.2899560008227127e-06,1.9507549950503744e-05,rd_seed7_ld24_rl112,7,24,112
reaction_diffusion,15,3.3865678688016487e-06,1.86384454536892e-06,1.6057178072514944e-05,rd_seed7_ld24_rl112,7,24,112
reaction_diffusion,16,3.4080840123351663e-06,2.193509999415255e-06,1.4652453501184937e-05,rd_seed7_ld24_rl112,7,24,112
reaction_diffusion,1,0.0006542127230204,6.133698479970917e-05,7.351918611675501e-05,rd_seed7_ld28_rl80,7,28,80
reaction_diffusion,2,0.0002049321628874,3.0624549253843725e-05,6.865528848720714e-05,rd_seed7_ld28_rl80,7,28,80
reaction_diffusion,3,8.375633478863165e-05,1.923427589645144e-05,6.057742575649172e-05,rd_seed7_ld28_rl80,7,28,80
reaction_diffusion,4,4.252737926435657e-05,1.5125875506782904e-05,5.536634489544667e-05,rd_seed7_ld28_rl80,7,28,80
reaction_diffusion,5,2.510611739126034e-05,1.1675118912535254e-05,4.937543781124987e-05,rd_seed7_ld28_rl80,7,28,80
reaction_diffusion,6,1.3372974535741378e-05,8.463915946776979e-06,4.404890569276176e-05,rd_seed7_ld28_rl80,7,28,80
reaction_diffusion,7,1.245479597855592e-05,8.026457180676516e-06,3.926221688743681e-05,rd_seed7_ld28_rl80,7,28,80
reaction_diffusion,8,1.1072484994656406e-05,7.03060186424409e-06,3.5397584724705666e-05,rd_seed7_ld28_rl80,7,28,80
reaction_diffusion,9,7.830795766494703e-06,5.90195668337401e-06,3.035156987607479e-05,rd_seed7_ld28_rl80,7,28,80
reaction_diffusion,10,5.416296517068986e-06,3.5913794818043243e-06,2.709606269490905e-05,rd_seed7_ld28_rl80,7,28,80
reaction_diffusion,11,6.141703579487512e-06,4.189619176031556e-06,2.230131212854758e-05,rd_seed7_ld28_rl80,7,28,80
reaction_diffusion,12,4.410615019878605e-06,2.378511453571264e-06,2.065987609967124e-05,rd_seed7_ld28_rl80,7,28,80
reaction_diffusion,13,4.105347670702031e-06,2.170298103010282e-06,1.564895319461357e-05,rd_seed7_ld28_rl80,7,28,80
reaction_diffusion,14,2.925732133007841e-06,1.586919893270533e-06,1.3893790310248733e-05,rd_seed7_ld28_rl80,7,28,80
reaction_diffusion,15,3.082661805819953e-06,1.4204225635694456e-06,1.2638349289773032e-05,rd_seed7_ld28_rl80,7,28,80
reaction_diffusion,16,2.55450140684843e-06,1.2121386134822387e-06,9.208445590047631e-06,rd_seed7_ld28_rl80,7,28,80
reaction_diffusion,1,0.0009297568467445,0.0001294967805733,7.480561907868832e-05,rd_seed7_ld28_rl96,7,28,96
reaction_diffusion,2,0.0002184442419093,5.821531158289872e-05,6.844307790743187e-05,rd_seed7_ld28_rl96,7,28,96
reaction_diffusion,3,0.0001126062634284,3.961482798331417e-05,6.209935963852331e-05,rd_seed7_ld28_rl96,7,28,96
reaction_diffusion,4,6.879662396386266e-05,2.867552757379599e-05,5.511814742931165e-05,rd_seed7_ld28_rl96,7,28,96
reaction_diffusion,5,4.399263343657367e-05,1.99057103600353e-05,4.908731716568582e-05,rd_seed7_ld28_rl96,7,28,96
reaction_diffusion,6,3.1663708796259016e-05,1.5580224498989992e-05,4.625614019460045e-05,rd_seed7_ld28_rl96,7,28,96
reaction_diffusion,7,2.231547659903299e-05,1.1374317182344384e-05,3.814654701272957e-05,rd_seed7_ld28_rl96,7,28,96
reaction_diffusion,8,1.7369931811117567e-05,8.49674324854277e-06,3.520525933708996e-05,rd_seed7_ld28_rl96,7,28,96
reaction_diffusion,9,1.2005003554804716e-05,6.178608146001352e-06,3.064254633500241e-05,rd_seed7_ld28_rl96,7,28,96
reaction_diffusion,10,9.51749552768888e-06,4.929610895487713e-06,2.756077992671635e-05,rd_seed7_ld28_rl96,7,28,96
reaction_diffusion,11,6.610771379200742e-06,4.50813695351826e-06,2.500640766811557e-05,rd_seed7_ld28_rl96,7,28,96
reaction_diffusion,12,5.683122708433075e-06,3.6932231068931287e-06,1.880459785752464e-05,rd_seed7_ld28_rl96,7,28,96
reaction_diffusion,13,6.982652848819271e-06,4.115980118513107e-06,1.7623595340410247e-05,rd_seed7_ld28_rl96,7,28,96
reaction_diffusion,14,6.475921964010922e-06,2.824914190568961e-06,1.503629482613178e-05,rd_seed7_ld28_rl96,7,28,96
reaction_diffusion,15,5.344342298485572e-06,2.4910423235269263e-06,1.1533063116075937e-05,rd_seed7_ld28_rl96,7,28,96
reaction_diffusion,16,5.67836468690075e-06,2.9268578600749606e-06,9.706505807116628e-06,rd_seed7_ld28_rl96,7,28,96
reaction_diffusion,1,0.0005441369139589,8.243320917245e-05,7.40139075787738e-05,rd_seed7_ld28_rl112,7,28,112
reaction_diffusion,2,0.0001845210790634,3.892761378665455e-05,6.82880126987584e-05,rd_seed7_ld28_rl112,7,28,112
reaction_diffusion,3,9.92079803836532e-05,2.709668297029566e-05,6.166481762193143e-05,rd_seed7_ld28_rl112,7,28,112
reaction_diffusion,4,6.57852942822501e-05,2.205340933869593e-05,5.595541006186977e-05,rd_seed7_ld28_rl112,7,28,112
reaction_diffusion,5,5.0268532504560426e-05,1.969592267414555e-05,5.163510286365636e-05,rd_seed7_ld28_rl112,7,28,112
reaction_diffusion,6,4.058490230818279e-05,1.760552368068602e-05,4.508559140958823e-05,rd_seed7_ld28_rl112,7,28,112
reaction_diffusion,7,3.193313386873342e-05,1.5046131011331454e-05,4.105757034267299e-05,rd_seed7_ld28_rl112,7,28,112
reaction_diffusion,8,2.557883271947503e-05,1.2663095731113572e-05,3.568453757907264e-05,rd_seed7_ld28_rl112,7,28,112
reaction_diffusion,9,2.135973772965372e-05,1.0615103747113608e-05,3.191531141055748e-05,rd_seed7_ld28_rl112,7,28,112
reaction_diffusion,10,1.7007483620545827e-05,8.129706657200586e-06,2.6799914849107157e-05,rd_seed7_ld28_rl112,7,28,112
reaction_diffusion,11,1.3253255929157604e-05,6.146973646536935e-06,2.35793850151822e-05,rd_seed7_ld28_rl112,7,28,112
reaction_diffusion,12,1.0349146577937065e-05,4.200008334009908e-06,1.990826967812609e-05,rd_seed7_ld28_rl112,7,28,112
reaction_diffusion,13,9.433198101760354e-06,3.1279816994356224e-06,1.6644260540488176e-05,rd_seed7_ld28_rl112,7,28,112
reaction_diffusion,14,8.518525646650232e-06,2.32609977501852e-06,1.4235093658498954e-05,rd_seed7_ld28_rl112,7,28,112
reaction_diffusion,15,8.116768185573164e-06,1.9088915905740578e-06,1.1722764611477032e-05,rd_seed7_ld28_rl112,7,28,112
reaction_diffusion,16,7.997304237505887e-06,1.7037261841323923e-06,9.697171662992332e-06,rd_seed7_ld28_rl112,7,28,112
reaction_diffusion,1,0.0004799054586328,6.328493327600881e-05,7.408674719044939e-05,rd_seed7_ld32_rl80,7,32,80
reaction_diffusion,2,0.0001336749119218,2.637898978719022e-05,6.809722981415689e-05,rd_seed7_ld32_rl80,7,32,80
reaction_diffusion,3,6.393190415110439e-05,1.949957004399039e-05,6.326872244244441e-05,rd_seed7_ld32_rl80,7,32,80
reaction_diffusion,4,3.9593283872818574e-05,1.875576526799705e-05,5.775311728939414e-05,rd_seed7_ld32_rl80,7,32,80
reaction_diffusion,5,3.095642023254186e-05,1.92149182112189e-05,5.324459198163822e-05,rd_seed7_ld32_rl80,7,32,80
reaction_diffusion,6,2.5553328669047914e-05,1.848571810114663e-05,4.894436278846115e-05,rd_seed7_ld32_rl80,7,32,80
reaction_diffusion,7,2.057020719803404e-05,1.632479325053282e-05,4.429421096574515e-05,rd_seed7_ld32_rl80,7,32,80
reaction_diffusion,8,1.7459831724409014e-05,1.4319820365926716e-05,4.1645787860034034e-05,rd_seed7_ld32_rl80,7,32,80
reaction_diffusion,9,1.4674874364573045e-05,1.2382518434606029e-05,3.819531775661744e-05,rd_seed7_ld32_rl80,7,32,80
reaction_diffusion,10,1.153368521045195e-05,9.601159945304971e-06,3.381200440344401e-05,rd_seed7_ld32_rl80,7,32,80
reaction_diffusion,11,1.0590016245259903e-05,8.514653927704785e-06,3.088448283961043e-05,rd_seed7_ld32_rl80,7,32,80
reaction_diffusion,12,8.248386620834935e-06,6.400552592822351e-06,2.8146710974397134e-05,rd_seed7_ld32_rl80,7,32,80
reaction_diffusion,13,6.693094746879069e-06,5.383751158660743e-06,2.3913005861686543e-05,rd_seed7_ld32_rl80,7,32,80
reaction_diffusion,14,6.235704859136604e-06,4.493658252613386e-06,2.176088491978589e-05,rd_seed7_ld32_rl80,7,32,80
reaction_diffusion,15,5.1408278523013e-06,3.6258802538213786e-06,1.8625860320753415e-05,rd_seed7_ld32_rl80,7,32,80
reaction_diffusion,16,4.204136985208606e-06,3.08827497974562e-06,1.5684105164837092e-05,rd_seed7_ld32_rl80,7,32,80
reaction_diffusion,1,0.0005359141505323,0.0001870474079623,7.504412496928126e-05,rd_seed7_ld32_rl96,7,32,96
reaction_diffusion,2,0.0002744077646639,0.0001651373022468,6.711994501529261e-05,rd_seed7_ld32_rl96,7,32,96
reaction_diffusion,3,0.0002411694440525,0.000155227156938,5.876939394511282e-05,rd_seed7_ld32_rl96,7,32,96
reaction_diffusion,4,0.0002128327905666,0.000148281265865,5.1794046157738194e-05,rd_seed7_ld32_rl96,7,32,96
reaction_diffusion,5,0.000188473451999,0.0001414387515978,4.5035540097160265e-05,rd_seed7_ld32_rl96,7,32,96
reaction_diffusion,6,0.0001666805474087,0.0001350036618532,3.832822403637692e-05,rd_seed7_ld32_rl96,7,32,96
reaction_diffusion,7,0.0001497766497777,0.0001290565996896,3.175895108142868e-05,rd_seed7_ld32_rl96,7,32,96
reaction_diffusion,8,0.0001362697803415,0.0001232180802617,2.6410642021801323e-05,rd_seed7_ld32_rl96,7,32,96
reaction_diffusion,9,0.000125106977066,0.0001172543561551,2.168658647860866e-05,rd_seed7_ld32_rl96,7,32,96
reaction_diffusion,10,0.0001153405901277,0.0001112390164053,1.7069138266379014e-05,rd_seed7_ld32_rl96,7,32,96
reaction_diffusion,11,0.0001070673024514,0.0001044686723616,1.3525776012102142e-05,rd_seed7_ld32_rl96,7,32,96
reaction_diffusion,12,0.0001007960236165,9.86097293207422e-05,1.0353323887102306e-05,rd_seed7_ld32_rl96,7,32,96
reaction_diffusion,13,9.665642573963852e-05,9.40615573199466e-05,7.684791853534989e-06,rd_seed7_ld32_rl96,7,32,96
reaction_diffusion,14,9.361667616758496e-05,8.993425581138581e-05,5.592718935076846e-06,rd_seed7_ld32_rl96,7,32,96
reaction_diffusion,15,9.130621037911624e-05,8.601095760241151e-05,3.7966854051774135e-06,rd_seed7_ld32_rl96,7,32,96
reaction_diffusion,16,9.180273627862334e-05,8.442601392744109e-05,2.476920144545147e-06,rd_seed7_ld32_rl96,7,32,96
reaction_diffusion,1,0.0003717918880283,6.293266778811812e-05,7.174260827014223e-05,rd_seed7_ld32_rl112,7,32,112
reaction_diffusion,2,9.128237434197216e-05,1.9553541278583e-05,6.721744284732267e-05,rd_seed7_ld32_rl112,7,32,112
reaction_diffusion,3,3.636975088738836e-05,8.963704203779344e-06,6.23377418378368e-05,rd_seed7_ld32_rl112,7,32,112
reaction_diffusion,4,1.9282691937405616e-05,5.263768798613455e-06,5.692453487426974e-05,rd_seed7_ld32_rl112,7,32,112
reaction_diffusion,5,1.0788960025820415e-05,3.1256652164302068e-06,5.340075222193264e-05,rd_seed7_ld32_rl112,7,32,112
reaction_diffusion,6,7.174176516855368e-06,2.008721367019461e-06,4.869702024734579e-05,rd_seed7_ld32_rl112,7,32,112
reaction_diffusion,7,5.503474312718026e-06,1.4608937135562885e-06,4.4466480176197365e-05,rd_seed7_ld32_rl112,7,32,112
reaction_diffusion,8,5.038335984863807e-06,1.295923198085802e-06,4.0726848965277895e-05,rd_seed7_ld32_rl112,7,32,112
reaction_diffusion,9,5.271256213745801e-06,1.4117060800344916e-06,3.663404640974477e-05,rd_seed7_ld32_rl112,7,32,112
reaction_diffusion,10,6.214883342181565e-06,1.7413436808055849e-06,3.277401265222579e-05,rd_seed7_ld32_rl112,7,32,112
reaction_diffusion,11,6.8982817538199015e-06,1.970825451280689e-06,2.8872122129541825e-05,rd_seed7_ld32_rl112,7,32,112
reaction_diffusion,12,6.732518158969469e-06,1.9927090306737227e-06,2.539391425671056e-05,rd_seed7_ld32_rl112,7,32,112
reaction_diffusion,13,6.577233307325514e-06,1.962788928722148e-06,2.1744732293882407e-05,rd_seed7_ld32_rl112,7,32,112
reaction_diffusion,14,6.338749244605424e-06,1.907717432914069e-06,1.916786641231738e-05,rd_seed7_ld32_rl112,7,32,112
reaction_diffusion,15,7.004655344644561e-06,2.084520474454621e-06,1.6405929272877984e-05,rd_seed7_ld32_rl112,7,32,112
reaction_diffusion,16,7.015186838543741e-06,1.940720949278329e-06,1.3644246791955084e-05,rd_seed7_ld32_rl112,7,32,112
reaction_diffusion,1,0.000626430963166,3.283997284597717e-05,7.050661952234805e-05,rd_seed11_ld16_rl80,11,16,80
reaction_diffusion,2,5.6019413023022935e-05,9.988029887608718e-06,6.367635796777904e-05,rd_seed11_ld16_rl80,11,16,80
reaction_diffusion,3,1.4042842849448787e-05,4.831222668144619e-06,6.514551205327734e-05,rd_seed11_ld16_rl80,11,16,80
reaction_diffusion,4,1.1238375918765088e-05,5.228004738455638e-06,5.869354572496377e-05,rd_seed11_ld16_rl80,11,16,80
reaction_diffusion,5,1.716980477795005e-05,8.78667469805805e-06,4.884306326857768e-05,rd_seed11_ld16_rl80,11,16,80
reaction_diffusion,6,1.9033659555134363e-05,1.0674588338588364e-05,4.372676266939379e-05,rd_seed11_ld16_rl80,11,16,80
reaction_diffusion,7,2.526561183913145e-05,1.4302875570137983e-05,4.42316522821784e-05,rd_seed11_ld16_rl80,11,16,80
reaction_diffusion,8,2.5780127543839623e-05,1.5968740626703948e-05,3.708927761181258e-05,rd_seed11_ld16_rl80,11,16,80
reaction_diffusion,9,3.014248977706302e-05,1.900581082736608e-05,3.104911593254656e-05,rd_seed11_ld16_rl80,11,16,80
reaction_diffusion,10,2.6627047191141173e-05,1.7591697542229667e-05,2.5248555175494403e-05,rd_seed11_ld16_rl80,11,16,80
reaction_diffusion,11,2.458726339682471e-05,1.6100748325698078e-05,2.328491427761037e-05,rd_seed11_ld16_rl80,11,16,80
reaction_diffusion,12,2.445514110149816e-05,1.696178333077114e-05,2.0228220819262788e-05,rd_seed11_ld16_rl80,11,16,80
reaction_diffusion,13,2.054441938525997e-05,1.4203673345036805e-05,1.5021270883153193e-05,rd_seed11_ld16_rl80,11,16,80
reaction_diffusion,14,1.875593261502217e-05,1.3190667232265696e-05,1.5424029697896913e-05,rd_seed11_ld16_rl80,11,16,80
reaction_diffusion,15,1.681286266830284e-05,1.1729055586329196e-05,1.082082872017054e-05,rd_seed11_ld16_rl80,11,16,80
reaction_diffusion,16,1.3914202099840622e-05,9.548508387524636e-06,9.163401955447624e-06,rd_seed11_ld16_rl80,11,16,80
reaction_diffusion,1,0.0008990445639938,0.0001215850352309,7.590450695715845e-05,rd_seed11_ld16_rl96,11,16,96
reaction_diffusion,2,0.0003011836961377,0.0001089544020942,7.219783583423123e-05,rd_seed11_ld16_rl96,11,16,96
reaction_diffusion,3,0.0002593881799839,0.0001283255405724,6.88962172716856e-05,rd_seed11_ld16_rl96,11,16,96
reaction_diffusion,4,0.0002760614443104,0.0001501518854638,6.431913061533123e-05,rd_seed11_ld16_rl96,11,16,96
reaction_diffusion,5,0.0003003309539053,0.0001683548616711,6.209756247699261e-05,rd_seed11_ld16_rl96,11,16,96
reaction_diffusion,6,0.0003154742007609,0.0001834105787565,6.183711957419291e-05,rd_seed11_ld16_rl96,11,16,96
reaction_diffusion,7,0.0003282384132035,0.0001990970922634,5.71766468056012e-05,rd_seed11_ld16_rl96,11,16,96
reaction_diffusion,8,0.0003527073422446,0.0002169252111343,5.505359513335861e-05,rd_seed11_ld16_rl96,11,16,96
reaction_diffusion,9,0.0003281390527263,0.0002124431630363,5.3493680752580985e-05,rd_seed11_ld16_rl96,11,16,96
reaction_diffusion,10,0.0003159406478516,0.0002070854534395,5.32720769115258e-05,rd_seed11_ld16_rl96,11,16,96
reaction_diffusion,11,0.0003103680792264,0.000215138119529,4.705606261268258e-05,rd_seed11_ld16_rl96,11,16,96
reaction_diffusion,12,0.0003136953455395,0.0002219315210822,4.604655259754509e-05,rd_seed11_ld16_rl96,11,16,96
reaction_diffusion,13,0.0002945919986814,0.0002153519162675,4.675521995523013e-05,rd_seed11_ld16_rl96,11,16,96
reaction_diffusion,14,0.0003032370586879,0.0002183718752348,4.430436092661694e-05,rd_seed11_ld16_rl96,11,16,96
reaction_diffusion,15,0.0002723528887145,0.0002052579948212,4.071425792062655e-05,rd_seed11_ld16_rl96,11,16,96
reaction_diffusion,16,0.0002600114094093,0.0002028552698902,3.835120151052252e-05,rd_seed11_ld16_rl96,11,16,96
reaction_diffusion,1,0.0006669095018878,0.0001501198421465,7.066392572596669e-05,rd_seed11_ld16_rl112,11,16,112
reaction_diffusion,2,0.0003913873806595,0.0001202841085614,6.567539094248787e-05,rd_seed11_ld16_rl112,11,16,112
reaction_diffusion,3,0.0002884956484194,0.000108990490844,6.123324419604614e-05,rd_seed11_ld16_rl112,11,16,112
reaction_diffusion,4,0.0002377822966082,0.0001045459284796,5.726020026486367e-05,rd_seed11_ld16_rl112,11,16,112
reaction_diffusion,5,0.0002081751881632,0.0001015067755361,5.41665758646559e-05,rd_seed11_ld16_rl112,11,16,112
reaction_diffusion,6,0.0001856750750448,9.733367915032431e-05,4.990006709704176e-05,rd_seed11_ld16_rl112,11,16,112
reaction_diffusion,7,0.0001680121058598,9.207452239934356e-05,4.8685738875065e-05,rd_seed11_ld16_rl112,11,16,112
reaction_diffusion,8,0.0001542977697681,8.83872271515429e-05,4.568056101561524e-05,rd_seed11_ld16_rl112,11,16,112
reaction_diffusion,9,0.0001413753343513,8.311212150147185e-05,4.197559974272736e-05,rd_seed11_ld16_rl112,11,16,112
reaction_diffusion,10,0.000127394509036,7.715137326158583e-05,3.979610119131394e-05,rd_seed11_ld16_rl112,11,16,112
reaction_diffusion,11,0.0001102536843973,6.839181151008233e-05,3.698006185004488e-05,rd_seed11_ld16_rl112,11,16,112
reaction_diffusion,12,9.864874300546944e-05,6.161852797959e-05,3.430232027312741e-05,rd_seed11_ld16_rl112,11,16,112
reaction_diffusion,13,8.818740752758458e-05,5.59093059564475e-05,3.152010322082788e-05,rd_seed11_ld16_rl112,11,16,112
reaction_diffusion,14,7.88445831858553e-05,5.074743239674717e-05,2.919687540270388e-05,rd_seed11_ld16_rl112,11,16,112
reaction_diffusion,15,7.259621634148061e-05,4.583028930937871e-05,2.6269248337484896e-05,rd_seed11_ld16_rl112,11,16,112
reaction_diffusion,16,6.293900514720008e-05,4.085176988155581e-05,2.516235690563917e-05,rd_seed11_ld16_rl112,11,16,112
reaction_diffusion,1,2.0208059140713885e-05,1.1105541943834396e-06,6.822971772635356e-05,rd_seed11_ld20_rl80,11,20,80
reaction_diffusion,2,4.901484658148547e-07,7.525864020863082e-08,6.485297490144148e-05,rd_seed11_ld20_rl80,11,20,80
reaction_diffusion,3,3.452919088431372e-07,1.715785060696362e-07,6.175384623929858e-05,rd_seed11_ld20_rl80,11,20,80
reaction_diffusion,4,1.8581788197025162e-07,1.1648269548913961e-07,5.658000009134412e-05,rd_seed11_ld20_rl80,11,20,80
reaction_diffusion,5,4.8222595694369375e-08,3.189118080726416e-09,5.057925955043174e-05,rd_seed11_ld20_rl80,11,20,80
reaction_diffusion,6,6.91912021011376e-08,2.0445435566784912e-08,4.46806698164437e-05,rd_seed11_ld20_rl80,11,20,80
reaction_diffusion,7,5.105720219944487e-07,3.398565695533762e-07,4.285751128918491e-05,rd_seed11_ld20_rl80,11,20,80
reaction_diffusion,8,5.163673222341458e-07,4.047895743042318e-07,3.749940879060887e-05,rd_seed11_ld20_rl80,11,20,80
reaction_diffusion,9,2.239181213781194e-07,1.5439651690485334e-07,3.226208355044946e-05,rd_seed11_ld20_rl80,11,20,80
reaction_diffusion,10,1.213548017631183e-07,6.99281912375227e-08,2.7785979909822345e-05,rd_seed11_ld20_rl80,11,20,80
reaction_diffusion,11,9.182189586454117e-08,8.686531494106475e-09,2.372624658164568e-05,rd_seed11_ld20_rl80,11,20,80
reaction_diffusion,12,8.456321154426406e-08,1.6421674686739607e-08,2.1899519197177145e-05,rd_seed11_ld20_rl80,11,20,80
reaction_diffusion,13,8.62375770793733e-08,5.774389411072889e-09,2.127951847796794e-05,rd_seed11_ld20_rl80,11,20,80
reaction_diffusion,14,6.016752251980506e-08,5.230552435619984e-09,1.756573692546226e-05,rd_seed11_ld20_rl80,11,20,80
reaction_diffusion,15,7.668585055853329e-08,2.24263896342336e-08,1.4288209968071897e-05,rd_seed11_ld20_rl80,11,20,80
reaction_diffusion,16,1.6840928651618017e-07,1.1385311182721125e-07,1.3033031791565008e-05,rd_seed11_ld20_rl80,11,20,80
reaction_diffusion,1,0.000408414111007,5.697269079973921e-05,7.173260382842273e-05,rd_seed11_ld20_rl96,11,20,96
reaction_diffusion,2,0.0001192750059999,2.268481330247596e-05,6.490322266472504e-05,rd_seed11_ld20_rl96,11,20,96
reaction_diffusion,3,5.533338480745442e-05,1.0749541615950877e-05,6.060217856429517e-05,rd_seed11_ld20_rl96,11,20,96
reaction_diffusion,4,2.8790193027816716e-05,5.903750206925906e-06,5.577378760790453e-05,rd_seed11_ld20_rl96,11,20,96
reaction_diffusion,5,1.6506897736690007e-05,3.7682016227336135e-06,5.1397648348938674e-05,rd_seed11_ld20_rl96,11,20,96
reaction_diffusion,6,1.2649786185647828e-05,3.405299821679364e-06,4.7194658691296354e-05,rd_seed11_ld20_rl96,11,20,96
reaction_diffusion,7,9.005014362628572e-06,2.693848728085868e-06,4.267268013791181e-05,rd_seed11_ld20_rl96,11,20,96
reaction_diffusion,8,8.117312063404825e-06,2.293745637871325e-06,3.936940993298776e-05,rd_seed11_ld20_rl96,11,20,96
reaction_diffusion,9,6.038796072971309e-06,1.6993733424897073e-06,3.665059921331704e-05,rd_seed11_ld20_rl96,11,20,96
reaction_diffusion,10,4.823828021471854e-06,1.1905209476026355e-06,3.260472294641659e-05,rd_seed11_ld20_rl96,11,20,96
reaction_diffusion,11,3.6151582207821775e-06,8.122974008983874e-07,2.879106796171982e-05,rd_seed11_ld20_rl96,11,20,96
reaction_diffusion,12,3.767341013372061e-06,9.81045673142944e-07,2.4448290787404403e-05,rd_seed11_ld20_rl96,11,20,96
reaction_diffusion,13,3.648882966444944e-06,1.2796001556125702e-06,2.23070692300098e-05,rd_seed11_ld20_rl96,11,20,96
reaction_diffusion,14,3.928437763534021e-06,1.7067507087631384e-06,1.876180976978503e-05,rd_seed11_ld20_rl96,11,20,96
reaction_diffusion,15,4.214339242025744e-06,2.687484993657563e-06,1.606109981366899e-05,rd_seed11_ld20_rl96,11,20,96
reaction_diffusion,16,5.413042345026042e-06,4.289711341698421e-06,1.3119628420099616e-05,rd_seed11_ld20_rl96,11,20,96
reaction_diffusion,1,0.0004619666724465,8.392510062549263e-05,7.320126314880326e-05,rd_seed11_ld20_rl112,11,20,112
reaction_diffusion,2,0.0001622464478714,4.547781645669602e-05,6.666185072390363e-05,rd_seed11_ld20_rl112,11,20,112
reaction_diffusion,3,8.90500086825341e-05,3.482137981336564e-05,5.967317702015862e-05,rd_seed11_ld20_rl112,11,20,112
reaction_diffusion,4,6.951282557565719e-05,3.473926699371077e-05,5.4451058531412855e-05,rd_seed11_ld20_rl112,11,20,112
reaction_diffusion,5,6.258665962377563e-05,3.716217906912789e-05,4.893491131952032e-05,rd_seed11_ld20_rl112,11,20,112
reaction_diffusion,6,6.713628681609407e-05,4.345532943261787e-05,4.385387364891358e-05,rd_seed11_ld20_rl112,11,20,112
reaction_diffusion,7,7.089665450621396e-05,4.8702178901294246e-05,3.909434235538356e-05,rd_seed11_ld20_rl112,11,20,112
reaction_diffusion,8,7.464834925485775e-05,5.3956162446411327e-05,3.396174724912271e-05,rd_seed11_ld20_rl112,11,20,112
reaction_diffusion,9,7.769012881908566e-05,5.798449637950398e-05,2.987329389725346e-05,rd_seed11_ld20_rl112,11,20,112
reaction_diffusion,10,7.997459033504128e-05,6.129514076747e-05,2.6108205929631367e-05,rd_seed11_ld20_rl112,11,20,112
reaction_diffusion,11,8.160711877280846e-05,6.274702172959223e-05,2.1882611690671183e-05,rd_seed11_ld20_rl112,11,20,112
reaction_diffusion,12,8.11488862382248e-05,6.27631088718772e-05,1.8161495972890407e-05,rd_seed11_ld20_rl112,11,20,112
reaction_diffusion,13,8.239095041062683e-05,6.0904807469341904e-05,1.4703421584272292e-05,rd_seed11_ld20_rl112,11,20,112
reaction_diffusion,14,8.08755139587447e-05,5.857494761585258e-05,1.2008182238787413e-05,rd_seed11_ld20_rl112,11,20,112
reaction_diffusion,15,8.007732685655355e-05,5.582135418080725e-05,9.87299245025497e-06,rd_seed11_ld20_rl112,11,20,112
reaction_diffusion,16,7.864289364079013e-05,5.239240636001341e-05,7.60947023081826e-06,rd_seed11_ld20_rl112,11,20,112
reaction_diffusion,1,0.0005116821848787,0.0001087161945179,7.175769133027643e-05,rd_seed11_ld24_rl80,11,24,80
reaction_diffusion,2,0.0001847623352659,9.30626192712225e-05,6.515088898595423e-05,rd_seed11_ld24_rl80,11,24,80
reaction_diffusion,3,0.000128387051518,9.61548648774624e-05,5.755075835622847e-05,rd_seed11_ld24_rl80,11,24,80
reaction_diffusion,4,0.0001215141382999,0.0001106044874177,5.0268798077013344e-05,rd_seed11_ld24_rl80,11,24,80
reaction_diffusion,5,0.0001275085669476,0.0001285890175495,4.359316153568216e-05,rd_seed11_ld24_rl80,11,24,80
reaction_diffusion,6,0.0001401307381456,0.0001463499938836,3.770906914724037e-05,rd_seed11_ld24_rl80,11,24,80
reaction_diffusion,7,0.0001622502459213,0.0001698736887192,3.241837475798093e-05,rd_seed11_ld24_rl80,11,24,80
reaction_diffusion,8,0.0001609957398613,0.0001751827512634,2.585145011835266e-05,rd_seed11_ld24_rl80,11,24,80
reaction_diffusion,9,0.0001746551133692,0.0001913976593641,2.1121644749655388e-05,rd_seed11_ld24_rl80,11,24,80
reaction_diffusion,10,0.000173528373125,0.000193767962628,1.6772364688222297e-05,rd_seed11_ld24_rl80,11,24,80
reaction_diffusion,11,0.0001661403366597,0.0001836333394749,1.2078246072633192e-05,rd_seed11_ld24_rl80,11,24,80
reaction_diffusion,12,0.0001579324598424,0.000172818719875,9.07374851522036e-06,rd_seed11_ld24_rl80,11,24,80
reaction_diffusion,13,0.0001534247858216,0.0001655565574765,6.533660780405626e-06,rd_seed11_ld24_rl80,11,24,80
reaction_diffusion,14,0.0001390427350997,0.0001479100319556,4.099100351595553e-06,rd_seed11_ld24_rl80,11,24,80
reaction_diffusion,15,0.0001273489178856,0.0001322392345173,2.5419176381547004e-06,rd_seed11_ld24_rl80,11,24,80
reaction_diffusion,16,0.0001169255774584,0.0001176409714389,1.4356548945215764e-06,rd_seed11_ld24_rl80,11,24,80
reaction_diffusion,1,0.0003136312880087,7.521946099586785e-05,7.254620140884072e-05,rd_seed11_ld24_rl96,11,24,96
reaction_diffusion,2,0.0001010722698993,3.5843546356773004e-05,6.650816067121923e-05,rd_seed11_ld24_rl96,11,24,96
reaction_diffusion,3,5.272611815598793e-05,2.4343164113815877e-05,6.095913704484701e-05,rd_seed11_ld24_rl96,11,24,96
reaction_diffusion,4,3.261084930272773e-05,1.9061177226831205e-05,5.416126441559754e-05,rd_seed11_ld24_rl96,11,24,96
reaction_diffusion,5,2.4943910830188543e-05,1.6480764315929264e-05,4.944932879880071e-05,rd_seed11_ld24_rl96,11,24,96
reaction_diffusion,6,1.7402147932443768e-05,1.3575649063568562e-05,4.479283961700276e-05,rd_seed11_ld24_rl96,11,24,96
reaction_diffusion,7,1.5310686649172567e-05,1.2880208487331402e-05,3.855863178614527e-05,rd_seed11_ld24_rl96,11,24,96
reaction_diffusion,8,1.276832972507691e-05,1.1515887308632957e-05,3.405995448702015e-05,rd_seed11_ld24_rl96,11,24,96
reaction_diffusion,9,9.137716006080154e-06,8.486812475894112e-06,2.9410077331704088e-05,rd_seed11_ld24_rl96,11,24,96
reaction_diffusion,10,9.058669093064964e-06,8.662402251502499e-06,2.626434616104234e-05,rd_seed11_ld24_rl96,11,24,96
reaction_diffusion,11,6.25426810074714e-06,5.850331945111975e-06,2.263991154904943e-05,rd_seed11_ld24_rl96,11,24,96
reaction_diffusion,12,5.4484885367855895e-06,5.032343779021176e-06,1.863834768300876e-05,rd_seed11_ld24_rl96,11,24,96
reaction_diffusion,13,4.883319434156874e-06,4.11666360378149e-06,1.591509862919338e-05,rd_seed11_ld24_rl96,11,24,96
reaction_diffusion,14,4.084748070454225e-06,3.3072483347496018e-06,1.3027901331952307e-05,rd_seed11_ld24_rl96,11,24,96
reaction_diffusion,15,3.1672777822677745e-06,2.262628186144866e-06,1.0811304491653573e-05,rd_seed11_ld24_rl96,11,24,96
reaction_diffusion,16,2.86020713247126e-06,1.4751982462257729e-06,8.496907867083792e-06,rd_seed11_ld24_rl96,11,24,96
reaction_diffusion,1,0.0003985897928941,6.357333768391982e-05,7.535947224823758e-05,rd_seed11_ld24_rl112,11,24,112
reaction_diffusion,2,0.0001277441770071,2.836410203599371e-05,6.989219400566071e-05,rd_seed11_ld24_rl112,11,24,112
reaction_diffusion,3,6.435124669224024e-05,1.833014175645076e-05,6.42291342956014e-05,rd_seed11_ld24_rl112,11,24,112
reaction_diffusion,4,4.137307041673921e-05,1.4870538507238962e-05,5.967172182863578e-05,rd_seed11_ld24_rl112,11,24,112
reaction_diffusion,5,3.179342093062587e-05,1.3595723430626094e-05,5.522233550436795e-05,rd_seed11_ld24_rl112,11,24,112
reaction_diffusion,6,2.331968971702736e-05,1.2464943210943602e-05,5.177265120437369e-05,rd_seed11_ld24_rl112,11,24,112
reaction_diffusion,7,1.881952266558073e-05,1.1317615644657051e-05,4.7470770368818194e-05,rd_seed11_ld24_rl112,11,24,112
reaction_diffusion,8,1.583356970513705e-05,1.0858232599275652e-05,4.3928677769145e-05,rd_seed11_ld24_rl112,11,24,112
reaction_diffusion,9,1.4940554137865549e-05,1.0563519026618453e-05,3.9772810850990936e-05,rd_seed11_ld24_rl112,11,24,112
reaction_diffusion,10,1.3201453839428725e-05,1.0017890417657329e-05,3.4560682252049446e-05,rd_seed11_ld24_rl112,11,24,112
reaction_diffusion,11,1.2008345947833732e-05,9.813014912651852e-06,3.1924373615765944e-05,rd_seed11_ld24_rl112,11,24,112
reaction_diffusion,12,1.0446721717016771e-05,8.645029083709233e-06,2.827321623044554e-05,rd_seed11_ld24_rl112,11,24,112
reaction_diffusion,13,9.74220620264532e-06,8.371770491066854e-06,2.4941902665887028e-05,rd_seed11_ld24_rl112,11,24,112
reaction_diffusion,14,1.0269271115248555e-05,8.813934073259588e-06,2.238029810541775e-05,rd_seed11_ld24_rl112,11,24,112
reaction_diffusion,15,9.513692020846063e-06,8.312986210512463e-06,1.9546158000594005e-05,rd_seed11_ld24_rl112,11,24,112
reaction_diffusion,16,9.993153980758508e-06,8.905186405172572e-06,1.6450945622636937e-05,rd_seed11_ld24_rl112,11,24,112
reaction_diffusion,1,0.000121421253425,2.450111423968337e-05,7.379336602753028e-05,rd_seed11_ld28_rl80,11,28,80
reaction_diffusion,2,8.286757292808034e-06,5.1074721341137774e-06,7.308382191695273e-05,rd_seed11_ld28_rl80,11,28,80
reaction_diffusion,3,2.0522059003269533e-06,1.0918300858975272e-06,6.439254502765834e-05,rd_seed11_ld28_rl80,11,28,80
reaction_diffusion,4,7.104582095962542e-07,2.341802911587365e-07,5.48098141734954e-05,rd_seed11_ld28_rl80,11,28,80
reaction_diffusion,5,2.920929205174616e-07,9.451863292042615e-09,4.8753154260339215e-05,rd_seed11_ld28_rl80,11,28,80
reaction_diffusion,6,2.2527964915752818e-07,3.334758025275164e-09,4.767022983287461e-05,rd_seed11_ld28_rl80,11,28,80
reaction_diffusion,7,2.3036156449052214e-07,2.3170422025486918e-08,4.331076343078166e-05,rd_seed11_ld28_rl80,11,28,80
reaction_diffusion,8,5.249982564237143e-07,3.544277547007369e-07,3.9046150050126016e-05,rd_seed11_ld28_rl80,11,28,80
reaction_diffusion,9,2.164681518479483e-06,2.1153778106963728e-06,3.3469685149611905e-05,rd_seed11_ld28_rl80,11,28,80
reaction_diffusion,10,4.011451892438345e-06,4.353305484983139e-06,3.0084300306043588e-05,rd_seed11_ld28_rl80,11,28,80
reaction_diffusion,11,4.240461748850066e-06,4.562350113701541e-06,2.453665365464985e-05,rd_seed11_ld28_rl80,11,28,80
reaction_diffusion,12,6.301116627582815e-06,7.028904747130582e-06,2.341783874726389e-05,rd_seed11_ld28_rl80,11,28,80
reaction_diffusion,13,6.621972261200426e-06,7.64625656302087e-06,1.9795215848716907e-05,rd_seed11_ld28_rl80,11,28,80
reaction_diffusion,14,6.681296781607671e-06,7.667338650207967e-06,1.5816138329682872e-05,rd_seed11_ld28_rl80,11,28,80
reaction_diffusion,15,6.923617092979839e-06,8.143572813423816e-06,1.3712047802982852e-05,rd_seed11_ld28_rl80,11,28,80
reaction_diffusion,16,7.666539204365108e-06,9.020247489388566e-06,1.0302107511961369e-05,rd_seed11_ld28_rl80,11,28,80
reaction_diffusion,1,0.0003322894626762,7.711526995990425e-05,7.100103539414704e-05,rd_seed11_ld28_rl96,11,28,96
reaction_diffusion,2,0.0001371055695926,3.479517181403935e-05,6.622613000217825e-05,rd_seed11_ld28_rl96,11,28,96
reaction_diffusion,3,8.04923110990785e-05,1.9144847101415507e-05,5.929865073994733e-05,rd_seed11_ld28_rl96,11,28,96
reaction_diffusion,4,4.867603274760768e-05,1.0511976142879575e-05,5.43149835721124e-05,rd_seed11_ld28_rl96,11,28,96
reaction_diffusion,5,3.442916931817308e-05,7.1138797466119286e-06,4.825333599001169e-05,rd_seed11_ld28_rl96,11,28,96
reaction_diffusion,6,2.332813346583862e-05,4.656924829760101e-06,4.3878269934793934e-05,rd_seed11_ld28_rl96,11,28,96
reaction_diffusion,7,1.7504997231299058e-05,3.4944639537570765e-06,3.93381887988653e-05,rd_seed11_ld28_rl96,11,28,96
reaction_diffusion,8,1.208183130074758e-05,2.457621803841903e-06,3.39826219715178e-05,rd_seed11_ld28_rl96,11,28,96
reaction_diffusion,9,1.038140726450365e-05,2.0510542526608333e-06,3.091985490755178e-05,rd_seed11_ld28_rl96,11,28,96
reaction_diffusion,10,7.918061783129815e-06,1.6440603758383077e-06,2.667396438482683e-05,rd_seed11_ld28_rl96,11,28,96
reaction_diffusion,11,5.800901817565318e-06,1.3261206959214178e-06,2.319821396667976e-05,rd_seed11_ld28_rl96,11,28,96
reaction_diffusion,12,5.256006716081174e-06,1.3135279459675075e-06,2.004720772674773e-05,rd_seed11_ld28_rl96,11,28,96
reaction_diffusion,13,4.598417490342399e-06,1.444343752154964e-06,1.7203285096911713e-05,rd_seed11_ld28_rl96,11,28,96
reaction_diffusion,14,4.115900537726702e-06,1.5952693956933215e-06,1.4380523680301849e-05,rd_seed11_ld28_rl96,11,28,96
reaction_diffusion,15,3.180083922416088e-06,1.6489274230480078e-06,1.1835207260446625e-05,rd_seed11_ld28_rl96,11,28,96
reaction_diffusion,16,2.662677388798329e-06,1.8642101622390328e-06,9.52916616370203e-06,rd_seed11_ld28_rl96,11,28,96
reaction_diffusion,1,0.00031517635216,6.845810275990516e-05,7.517497579101473e-05,rd_seed11_ld28_rl112,11,28,112
reaction_diffusion,2,0.0001211736016557,4.022534267278388e-05,6.796844536438584e-05,rd_seed11_ld28_rl112,11,28,112
reaction_diffusion,3,7.178783562267199e-05,3.0788552976446226e-05,6.38743003946729e-05,rd_seed11_ld28_rl112,11,28,112
reaction_diffusion,4,5.343325392459519e-05,2.6151479687541723e-05,5.80758714932017e-05,rd_seed11_ld28_rl112,11,28,112
reaction_diffusion,5,3.895952613675036e-05,2.058378959191032e-05,5.305284139467403e-05,rd_seed11_ld28_rl112,11,28,112
reaction_diffusion,6,2.9786040613544174e-05,1.660945599724073e-05,4.923155574942939e-05,rd_seed11_ld28_rl112,11,28,112
reaction_diffusion,7,2.261810004711151e-05,1.2402163520164322e-05,4.52717395091895e-05,rd_seed11_ld28_rl112,11,28,112
reaction_diffusion,8,1.767099638527725e-05,9.805697118281388e-06,4.132856702199206e-05,rd_seed11_ld28_rl112,11,28,112
reaction_diffusion,9,1.3613324881589506e-05,7.544467280240497e-06,3.775300501729362e-05,rd_seed11_ld28_rl112,11,28,112
reaction_diffusion,10,9.438740562472958e-06,5.346350008039735e-06,3.390959682292305e-05,rd_seed11_ld28_rl112,11,28,112
reaction_diffusion,11,7.315898528759135e-06,3.907449354301207e-06,3.051620115002152e-05,rd_seed11_ld28_rl112,11,28,112
reaction_diffusion,12,5.09251958646928e-06,2.790156486298656e-06,2.72030447376892e-05,rd_seed11_ld28_rl112,11,28,112
reaction_diffusion,13,4.27357190346811e-06,2.299505013070302e-06,2.3616536054760218e-05,rd_seed11_ld28_rl112,11,28,112
reaction_diffusion,14,3.3605533644731622e-06,1.8996556718775537e-06,2.105545536323916e-05,rd_seed11_ld28_rl112,11,28,112
reaction_diffusion,15,3.145990831399104e-06,1.8378378854322364e-06,1.8333050320507027e-05,rd_seed11_ld28_rl112,11,28,112
reaction_diffusion,16,3.1561799005430657e-06,1.826531615733984e-06,1.5936229829094373e-05,rd_seed11_ld28_rl112,11,28,112
reaction_diffusion,1,0.0004493112501222,0.000101990350231,7.317001291085035e-05,rd_seed11_ld32_rl80,11,32,80
reaction_diffusion,2,0.0001638665708014,7.997344800969586e-05,6.828156620031223e-05,rd_seed11_ld32_rl80,11,32,80
reaction_diffusion,3,9.782153938431291e-05,7.540184014942497e-05,6.677109195152298e-05,rd_seed11_ld32_rl80,11,32,80
reaction_diffusion,4,7.882573117967695e-05,7.371544052148238e-05,6.51943264529109e-05,rd_seed11_ld32_rl80,11,32,80
reaction_diffusion,5,7.051569991745055e-05,7.233390351757407e-05,6.089205271564424e-05,rd_seed11_ld32_rl80,11,32,80
reaction_diffusion,6,6.464520265581086e-05,6.997732270974666e-05,5.6138323998311535e-05,rd_seed11_ld32_rl80,11,32,80
reaction_diffusion,7,6.075643977965228e-05,6.756689981557429e-05,5.1527851610444486e-05,rd_seed11_ld32_rl80,11,32,80
reaction_diffusion,8,5.706608499167487e-05,6.533932173624635e-05,4.768836879520677e-05,rd_seed11_ld32_rl80,11,32,80
reaction_diffusion,9,5.27992015122436e-05,6.182898505358025e-05,4.430788612808101e-05,rd_seed11_ld32_rl80,11,32,80
reaction_diffusion,10,4.643328793463297e-05,5.521250204765238e-05,4.4478027120931074e-05,rd_seed11_ld32_rl80,11,32,80
reaction_diffusion,11,4.16398179368116e-05,5.080267874291167e-05,4.078489655512385e-05,rd_seed11_ld32_rl80,11,32,80
reaction_diffusion,12,3.732412733370438e-05,4.632069612853229e-05,3.7005458580097184e-05,rd_seed11_ld32_rl80,11,32,80
reaction_diffusion,13,3.397881664568558e-05,4.279355198377744e-05,3.863478559651412e-05,rd_seed11_ld32_rl80,11,32,80
reaction_diffusion,14,3.4435593988746405e-05,4.395011274027638e-05,3.248394932597876e-05,rd_seed11_ld32_rl80,11,32,80
reaction_diffusion,15,3.323984856251627e-05,4.262832953827456e-05,3.0119086659397e-05,rd_seed11_ld32_rl80,11,32,80
reaction_diffusion,16,3.1940908229444176e-05,4.132837057113648e-05,2.8258413294679485e-05,rd_seed11_ld32_rl80,11,32,80
reaction_diffusion,1,0.0002710158005356,4.736762639367953e-05,7.49383179936558e-05,rd_seed11_ld32_rl96,11,32,96
reaction_diffusion,2,8.147316839313135e-05,1.6578438589931466e-05,6.90201559336856e-05,rd_seed11_ld32_rl96,11,32,96
reaction_diffusion,3,3.319428651593625e-05,7.70052611187566e-06,6.216349720489234e-05,rd_seed11_ld32_rl96,11,32,96
reaction_diffusion,4,2.0207800844218585e-05,6.302060228335904e-06,5.651127503369935e-05,rd_seed11_ld32_rl96,11,32,96
reaction_diffusion,5,1.2755777788697742e-05,5.371690349420533e-06,5.4281546908896416e-05,rd_seed11_ld32_rl96,11,32,96
reaction_diffusion,6,9.53588187257992e-06,4.940475719195092e-06,4.943630483467132e-05,rd_seed11_ld32_rl96,11,32,96
reaction_diffusion,7,7.399328296742169e-06,4.356395493232412e-06,4.527111741481349e-05,rd_seed11_ld32_rl96,11,32,96
reaction_diffusion,8,4.857366548094433e-06,3.072535491810413e-06,4.0512393752578646e-05,rd_seed11_ld32_rl96,11,32,96
reaction_diffusion,9,3.371696493559284e-06,1.9659128156490624e-06,3.638100679381751e-05,rd_seed11_ld32_rl96,11,32,96
reaction_diffusion,10,2.581623903097352e-06,1.1770853234338574e-06,3.140616536256857e-05,rd_seed11_ld32_rl96,11,32,96
reaction_diffusion,11,1.28604449400882e-06,4.511279314556305e-07,2.8988461053813808e-05,rd_seed11_ld32_rl96,11,32,96
reaction_diffusion,12,1.0560929695202503e-06,2.4240355855909e-07,2.539459637773689e-05,rd_seed11_ld32_rl96,11,32,96
reaction_diffusion,13,1.0596752417768585e-06,3.943957835872425e-07,2.263547139591537e-05,rd_seed11_ld32_rl96,11,32,96
reaction_diffusion,14,1.1124421916974825e-06,7.003692985563248e-07,1.864513433247339e-05,rd_seed11_ld32_rl96,11,32,96
reaction_diffusion,15,1.4435530601986102e-06,1.2860948572779307e-06,1.6300940842484124e-05,rd_seed11_ld32_rl96,11,32,96
reaction_diffusion,16,2.0261636564100627e-06,1.965801402548095e-06,1.3146614946890622e-05,rd_seed11_ld32_rl96,11,32,96
reaction_diffusion,1,0.0004388393717817,9.399018017575143e-05,6.914551340742037e-05,rd_seed11_ld32_rl112,11,32,112
reaction_diffusion,2,0.0001318814611295,4.075607284903526e-05,6.199430936248973e-05,rd_seed11_ld32_rl112,11,32,112
reaction_diffusion,3,7.533760799560696e-05,2.644121923367493e-05,5.511039125849493e-05,rd_seed11_ld32_rl112,11,32,112
reaction_diffusion,4,5.422237518359907e-05,2.1174706489546224e-05,4.9707101425156e-05,rd_seed11_ld32_rl112,11,32,112
reaction_diffusion,5,4.557726060738787e-05,2.136257717211265e-05,4.431144407135434e-05,rd_seed11_ld32_rl112,11,32,112
reaction_diffusion,6,4.4390661059878767e-05,2.507271165086422e-05,3.880718213622458e-05,rd_seed11_ld32_rl112,11,32,112
reaction_diffusion,7,4.8426169087179005e-05,3.155805097776465e-05,3.4897377190645784e-05,rd_seed11_ld32_rl112,11,32,112
reaction_diffusion,8,5.358179987524636e-05,3.878350980812684e-05,2.91505602945108e-05,rd_seed11_ld32_rl112,11,32,112
reaction_diffusion,9,5.95504607190378e-05,4.764004916069098e-05,2.478157330187969e-05,rd_seed11_ld32_rl112,11,32,112
reaction_diffusion,10,6.630554707953706e-05,5.6623186537763104e-05,2.08368364837952e-05,rd_seed11_ld32_rl112,11,32,112
reaction_diffusion,11,7.285028550541028e-05,6.502522592199966e-05,1.700606480881106e-05,rd_seed11_ld32_rl112,11,32,112
reaction_diffusion,12,7.861858466640115e-05,7.325821934500709e-05,1.349761714664055e-05,rd_seed11_ld32_rl112,11,32,112
reaction_diffusion,13,8.25126189738512e-05,7.918752817204222e-05,1.028198948915815e-05,rd_seed11_ld32_rl112,11,32,112
reaction_diffusion,14,8.754651207709685e-05,8.48123017931357e-05,7.73365445638774e-06,rd_seed11_ld32_rl112,11,32,112
reaction_diffusion,15,8.819632057566196e-05,8.702001650817692e-05,5.443563622975489e-06,rd_seed11_ld32_rl112,11,32,112
reaction_diffusion,16,9.227606642525644e-05,9.152168786386028e-05,3.736373400897719e-06,rd_seed11_ld32_rl112,11,32,112
reaction_diffusion,1,0.0006076098070479,4.5859207602916285e-05,7.836466102162376e-05,rd_seed13_ld16_rl80,13,16,80
reaction_diffusion,2,0.000210110694752,2.8758880944224074e-05,7.374431152129546e-05,rd_seed13_ld16_rl80,13,16,80
reaction_diffusion,3,9.611292625777423e-05,2.3126531232264824e-05,6.545730866491795e-05,rd_seed13_ld16_rl80,13,16,80
reaction_diffusion,4,5.015241913497448e-05,1.928229175973684e-05,6.039936124579981e-05,rd_seed13_ld16_rl80,13,16,80
reaction_diffusion,5,2.8868080335087143e-05,1.3359860531636514e-05,5.5039356084307656e-05,rd_seed13_ld16_rl80,13,16,80
reaction_diffusion,6,1.6141682863235474e-05,9.723372386361008e-06,5.289540422381833e-05,rd_seed13_ld16_rl80,13,16,80
reaction_diffusion,7,8.661688298161607e-06,5.177515504328767e-06,4.829006502404809e-05,rd_seed13_ld16_rl80,13,16,80
reaction_diffusion,8,3.833337814285187e-06,2.81320467365731e-06,4.126791463932023e-05,rd_seed13_ld16_rl80,13,16,80
reaction_diffusion,9,1.7183557474709232e-06,7.867831754992949e-07,3.916601417586208e-05,rd_seed13_ld16_rl80,13,16,80
reaction_diffusion,10,2.1148287032701774e-06,4.223662699587294e-07,3.577681491151452e-05,rd_seed13_ld16_rl80,13,16,80
reaction_diffusion,11,8.678140943629842e-07,1.1474543271106087e-07,3.03326942230342e-05,rd_seed13_ld16_rl80,13,16,80
reaction_diffusion,12,1.3235023743618513e-06,9.492925983067836e-07,2.6910864107776437e-05,rd_seed13_ld16_rl80,13,16,80
reaction_diffusion,13,2.529352286728681e-06,1.993893874896457e-06,2.34501112572616e-05,rd_seed13_ld16_rl80,13,16,80
reaction_diffusion,14,3.0363150926859817e-06,2.476843292242848e-06,2.141386539733503e-05,rd_seed13_ld16_rl80,13,16,80
reaction_diffusion,15,3.5895138807973126e-06,3.398715534785879e-06,1.6680540284141898e-05,rd_seed13_ld16_rl80,13,16,80
reaction_diffusion,16,3.788466301557492e-06,3.729512400241219e-06,1.4828422536083964e-05,rd_seed13_ld16_rl80,13,16,80
reaction_diffusion,1,0.0009716640342958,0.0002622453030198,7.16779031790793e-05,rd_seed13_ld16_rl96,13,16,96
reaction_diffusion,2,0.0004033559816889,0.0001862587960204,6.394803494913504e-05,rd_seed13_ld16_rl96,13,16,96
reaction_diffusion,3,0.0002851702447514,0.0001629909529583,5.5576645536348224e-05,rd_seed13_ld16_rl96,13,16,96
reaction_diffusion,4,0.0002374471368966,0.0001512177841505,4.926841211272404e-05,rd_seed13_ld16_rl96,13,16,96
reaction_diffusion,5,0.0002119953423971,0.0001462274231016,4.181107215117663e-05,rd_seed13_ld16_rl96,13,16,96
reaction_diffusion,6,0.0001956714258994,0.0001458795013604,3.5723605833482e-05,rd_seed13_ld16_rl96,13,16,96
reaction_diffusion,7,0.0001806656946428,0.0001430702977813,2.873869198083412e-05,rd_seed13_ld16_rl96,13,16,96
reaction_diffusion,8,0.0001744888577377,0.0001417418970959,2.587532071629539e-05,rd_seed13_ld16_rl96,13,16,96
reaction_diffusion,9,0.0001661790156504,0.0001400749315507,1.921492912515532e-05,rd_seed13_ld16_rl96,13,16,96
reaction_diffusion,10,0.0001602923584869,0.0001386297371936,1.6298457921948284e-05,rd_seed13_ld16_rl96,13,16,96
reaction_diffusion,11,0.0001552410976728,0.0001347295328741,1.2934860023960937e-05,rd_seed13_ld16_rl96,13,16,96
reaction_diffusion,12,0.0001553484325995,0.000135425303597,9.809806215343995e-06,rd_seed13_ld16_rl96,13,16,96
reaction_diffusion,13,0.000153200016939,0.0001324057229794,6.687840595986927e-06,rd_seed13_ld16_rl96,13,16,96
reaction_diffusion,14,0.0001572474575368,0.0001339462323812,4.479622930375626e-06,rd_seed13_ld16_rl96,13,16,96
reaction_diffusion,15,0.0001630182086955,0.0001356710999971,2.7310893528920133e-06,rd_seed13_ld16_rl96,13,16,96
reaction_diffusion,16,0.0001716740080155,0.0001389314129482,1.5919508769002275e-06,rd_seed13_ld16_rl96,13,16,96
reaction_diffusion,1,0.0007287801709026,0.0001044121454469,7.610242028022185e-05,rd_seed13_ld16_rl112,13,16,112
reaction_diffusion,2,0.0002716768358368,4.732413435704075e-05,6.683401443297043e-05,rd_seed13_ld16_rl112,13,16,112
reaction_diffusion,3,0.0001480210048612,2.844882692443207e-05,6.0023998230462894e-05,rd_seed13_ld16_rl112,13,16,112
reaction_diffusion,4,9.686082194093616e-05,1.9580502339522358e-05,5.5242566304514185e-05,rd_seed13_ld16_rl112,13,16,112
reaction_diffusion,5,6.718692020513117e-05,1.4068527889321558e-05,5.015919668949209e-05,rd_seed13_ld16_rl112,13,16,112
reaction_diffusion,6,5.039034294895828e-05,1.0730837857408916e-05,4.465952952159569e-05,rd_seed13_ld16_rl112,13,16,112
reaction_diffusion,7,3.690445009851828e-05,7.993448889465071e-06,4.02918340114411e-05,rd_seed13_ld16_rl112,13,16,112
reaction_diffusion,8,2.6886642444878817e-05,5.924938250245759e-06,3.623368320404552e-05,rd_seed13_ld16_rl112,13,16,112
reaction_diffusion,9,2.001171378651634e-05,4.495239409152418e-06,3.183246371918358e-05,rd_seed13_ld16_rl112,13,16,112
reaction_diffusion,10,1.4471515896730123e-05,3.194480996171478e-06,2.801287337206304e-05,rd_seed13_ld16_rl112,13,16,112
reaction_diffusion,11,1.0125075277755968e-05,2.349788701394573e-06,2.4526341803721152e-05,rd_seed13_ld16_rl112,13,16,112
reaction_diffusion,12,7.87083354225615e-06,1.7889623222799855e-06,2.070605296466965e-05,rd_seed13_ld16_rl112,13,16,112
reaction_diffusion,13,5.009747837902978e-06,1.085181338567054e-06,1.7980133634409867e-05,rd_seed13_ld16_rl112,13,16,112
reaction_diffusion,14,3.1232370929501485e-06,6.684854838567844e-07,1.5481680748052895e-05,rd_seed13_ld16_rl112,13,16,112
reaction_diffusion,15,1.890796511361259e-06,3.622383530910156e-07,1.3097625014779624e-05,rd_seed13_ld16_rl112,13,16,112
reaction_diffusion,16,1.7814456896303454e-06,3.420592520342325e-07,1.1109656043117866e-05,rd_seed13_ld16_rl112,13,16,112
reaction_diffusion,1,0.00095167348627,0.0002425088459858,7.693984662182629e-05,rd_seed13_ld20_rl80,13,20,80
reaction_diffusion,2,0.0003579886397346,0.0001996818900806,7.31577310943976e-05,rd_seed13_ld20_rl80,13,20,80
reaction_diffusion,3,0.0003139530308544,0.0001934349857037,7.101668597897515e-05,rd_seed13_ld20_rl80,13,20,80
reaction_diffusion,4,0.0003263552498538,0.0002064611180685,6.667971319984645e-05,rd_seed13_ld20_rl80,13,20,80
reaction_diffusion,5,0.0003187079273629,0.0002059631224256,6.380875856848434e-05,rd_seed13_ld20_rl80,13,20,80
reaction_diffusion,6,0.0003330400504637,0.0002190303785027,6.339370156638324e-05,rd_seed13_ld20_rl80,13,20,80
reaction_diffusion,7,0.0003259820805396,0.0002201168390456,6.395676609827206e-05,rd_seed13_ld20_rl80,13,20,80
reaction_diffusion,8,0.0003268825239501,0.0002245672076242,6.110908725531772e-05,rd_seed13_ld20_rl80,13,20,80
reaction_diffusion,9,0.0003179549239575,0.0002229967794846,5.753082950832322e-05,rd_seed13_ld20_rl80,13,20,80
reaction_diffusion,10,0.0003078268782701,0.0002171875385101,5.42753841727972e-05,rd_seed13_ld20_rl80,13,20,80
reaction_diffusion,11,0.0002997936098836,0.0002171584055759,5.054298890172504e-05,rd_seed13_ld20_rl80,13,20,80
reaction_diffusion,12,0.0002890526957344,0.0002126019826391,4.7723187890369445e-05,rd_seed13_ld20_rl80,13,20,80
reaction_diffusion,13,0.0002881007967516,0.0002140704164048,4.912079020868987e-05,rd_seed13_ld20_rl80,13,20,80
reaction_diffusion,14,0.0002888393646571,0.0002173473912989,4.675504533224739e-05,rd_seed13_ld20_rl80,13,20,80
reaction_diffusion,15,0.0002747533144429,0.0002096874814014,4.753090979647823e-05,rd_seed13_ld20_rl80,13,20,80
reaction_diffusion,16,0.0002603034954518,0.0001994316116906,4.396902659209445e-05,rd_seed13_ld20_rl80,13,20,80
reaction_diffusion,1,0.0008301789057441,7.239140541059896e-05,7.524531247327104e-05,rd_seed13_ld20_rl96,13,20,96
reaction_diffusion,2,0.0001156591097242,1.2557672562252264e-05,6.832947110524401e-05,rd_seed13_ld20_rl96,13,20,96
reaction_diffusion,3,2.456493348290678e-05,4.473452918318799e-06,6.296170613495633e-05,rd_seed13_ld20_rl96,13,20,96
reaction_diffusion,4,1.145170972449705e-05,4.035272468172479e-06,5.641853567794897e-05,rd_seed13_ld20_rl96,13,20,96
reaction_diffusion,5,1.1866301065310836e-05,6.284362825681456e-06,5.467384471558034e-05,rd_seed13_ld20_rl96,13,20,96
reaction_diffusion,6,1.4328438737720717e-05,8.447619620710611e-06,4.884739973931573e-05,rd_seed13_ld20_rl96,13,20,96
reaction_diffusion,7,1.5838475519558415e-05,9.642055374570193e-06,4.1088747821049765e-05,rd_seed13_ld20_rl96,13,20,96
reaction_diffusion,8,1.570828135299962e-05,1.0581857168290298e-05,3.7333917134674266e-05,rd_seed13_ld20_rl96,13,20,96
reaction_diffusion,9,1.4246368664316831e-05,1.032528143696254e-05,3.105892028543167e-05,rd_seed13_ld20_rl96,13,20,96
reaction_diffusion,10,1.771081952028908e-05,1.3714721717406064e-05,2.687401320145e-05,rd_seed13_ld20_rl96,13,20,96
reaction_diffusion,11,2.210790808021557e-05,1.7229745935765095e-05,2.450063402648084e-05,rd_seed13_ld20_rl96,13,20,96
reaction_diffusion,12,2.388203029113356e-05,1.8968012227560397e-05,2.1554646082222465e-05,rd_seed13_ld20_rl96,13,20,96
reaction_diffusion,13,2.266440787934698e-05,1.807706939871423e-05,1.654239895287901e-05,rd_seed13_ld20_rl96,13,20,96
reaction_diffusion,14,2.28837725444464e-05,1.8840986740542576e-05,1.421489014319377e-05,rd_seed13_ld20_rl96,13,20,96
reaction_diffusion,15,2.1167776139918715e-05,1.7366473912261426e-05,1.1448976692918222e-05,rd_seed13_ld20_rl96,13,20,96
reaction_diffusion,16,2.1151954570086676e-05,1.7427228158339858e-05,9.264676918974146e-06,rd_seed13_ld20_rl96,13,20,96
reaction_diffusion,1,0.0008916573715396,0.0001194380311062,7.582036050735041e-05,rd_seed13_ld20_rl112,13,20,112
reaction_diffusion,2,0.0002970305795315,6.092065086704679e-05,6.711366586387157e-05,rd_seed13_ld20_rl112,13,20,112
reaction_diffusion,3,0.000183302530786,4.5138101995689794e-05,5.957235407549888e-05,rd_seed13_ld20_rl112,13,20,112
reaction_diffusion,4,0.0001375955325784,3.770212424569763e-05,5.45810726180207e-05,rd_seed13_ld20_rl112,13,20,112
reaction_diffusion,5,0.0001087947166524,3.356035813339986e-05,4.914199962513521e-05,rd_seed13_ld20_rl112,13,20,112
reaction_diffusion,6,9.528153896098956e-05,3.226003173040226e-05,4.303811147110537e-05,rd_seed13_ld20_rl112,13,20,112
reaction_diffusion,7,8.409663860220462e-05,3.2053740142146125e-05,3.682345413835719e-05,rd_seed13_ld20_rl112,13,20,112
reaction_diffusion,8,7.969552098074928e-05,3.3080443245125934e-05,3.293747067800723e-05,rd_seed13_ld20_rl112,13,20,112
reaction_diffusion,9,7.547272252850235e-05,3.401774665690027e-05,2.827393109328113e-05,rd_seed13_ld20_rl112,13,20,112
reaction_diffusion,10,7.192415068857372e-05,3.3701551728881896e-05,2.4418188331765123e-05,rd_seed13_ld20_rl112,13,20,112
reaction_diffusion,11,6.9053188781254e-05,3.3983218600042164e-05,2.041213883785531e-05,rd_seed13_ld20_rl112,13,20,112
reaction_diffusion,12,6.299283995758742e-05,3.252056194469333e-05,1.7172336811199784e-05,rd_seed13_ld20_rl112,13,20,112
reaction_diffusion,13,5.902142584091053e-05,3.0967770726419985e-05,1.4059540262678638e-05,rd_seed13_ld20_rl112,13,20,112
reaction_diffusion,14,5.446463546832092e-05,2.878616396628786e-05,1.0708213267207611e-05,rd_seed13_ld20_rl112,13,20,112
reaction_diffusion,15,4.944004467688501e-05,2.6616988179739565e-05,8.71441443450749e-06,rd_seed13_ld20_rl112,13,20,112
reaction_diffusion,16,4.264790186425671e-05,2.338935519219376e-05,6.6642987803788856e-06,rd_seed13_ld20_rl112,13,20,112
reaction_diffusion,1,0.0011502215638756,8.608819189248607e-05,7.899393676780164e-05,rd_seed13_ld24_rl80,13,24,80
reaction_diffusion,2,0.0002001870889216,3.063842814299278e-05,7.26190410205163e-05,rd_seed13_ld24_rl80,13,24,80
reaction_diffusion,3,5.58368192287162e-05,1.583280391059816e-05,6.654460594290867e-05,rd_seed13_ld24_rl80,13,24,80
reaction_diffusion,4,2.092507747875061e-05,9.889155080600176e-06,6.205453973961994e-05,rd_seed13_ld24_rl80,13,24,80
reaction_diffusion,5,8.359308594663162e-06,4.615299985744059e-06,5.699154280591756e-05,rd_seed13_ld24_rl80,13,24,80
reaction_diffusion,6,2.905532028307789e-06,1.3826182794218769e-06,5.193319157115184e-05,rd_seed13_ld24_rl80,13,24,80
reaction_diffusion,7,1.2289725646041916e-06,1.4847258000827426e-07,4.8565030738245696e-05,rd_seed13_ld24_rl80,13,24,80
reaction_diffusion,8,1.2703873153441236e-06,4.205502648346737e-07,4.165629798080772e-05,rd_seed13_ld24_rl80,13,24,80
reaction_diffusion,9,2.424693548164214e-06,1.619295176169544e-06,3.700396700878628e-05,rd_seed13_ld24_rl80,13,24,80
reaction_diffusion,10,4.665847427531844e-06,3.0572255127481185e-06,3.597543036448769e-05,rd_seed13_ld24_rl80,13,24,80
reaction_diffusion,11,5.725929895561421e-06,4.96965867569088e-06,3.037909846170805e-05,rd_seed13_ld24_rl80,13,24,80
reaction_diffusion,12,6.71526640871889e-06,7.202794677141355e-06,2.7126545319333676e-05,rd_seed13_ld24_rl80,13,24,80
reaction_diffusion,13,9.988888450607192e-06,1.0107102752954232e-05,2.4004657461773604e-05,rd_seed13_ld24_rl80,13,24,80
reaction_diffusion,14,1.000368774839444e-05,1.09856327981106e-05,1.924073694681283e-05,rd_seed13_ld24_rl80,13,24,80
reaction_diffusion,15,1.4255097084969748e-05,1.3691533240489662e-05,1.6415604477515444e-05,rd_seed13_ld24_rl80,13,24,80
reaction_diffusion,16,1.4001485396875069e-05,1.5302068277378567e-05,1.2814568435715046e-05,rd_seed13_ld24_rl80,13,24,80
reaction_diffusion,1,0.0005729238037019,5.533550211112015e-05,7.598999218316749e-05,rd_seed13_ld24_rl96,13,24,96
reaction_diffusion,2,0.0001698149862932,2.003929876082111e-05,7.046178507152945e-05,rd_seed13_ld24_rl96,13,24,96
reaction_diffusion,3,6.544750067405403e-05,9.739280358189715e-06,6.399735866580158e-05,rd_seed13_ld24_rl96,13,24,96
reaction_diffusion,4,2.729660081968177e-05,5.47456420463277e-06,5.894175046705641e-05,rd_seed13_ld24_rl96,13,24,96
reaction_diffusion,5,1.1080020158260597e-05,3.0622968552052043e-06,5.304272417561151e-05,rd_seed13_ld24_rl96,13,24,96
reaction_diffusion,6,5.822929324494908e-06,1.5817818166397046e-06,4.92452600155957e-05,rd_seed13_ld24_rl96,13,24,96
reaction_diffusion,7,2.956540129162022e-06,8.458086995233316e-07,4.429630280355923e-05,rd_seed13_ld24_rl96,13,24,96
reaction_diffusion,8,1.7928745137396618e-06,3.6330715147414594e-07,3.962821938330308e-05,rd_seed13_ld24_rl96,13,24,96
reaction_diffusion,9,1.5119907175176197e-06,2.840683634985908e-07,3.756727892323397e-05,rd_seed13_ld24_rl96,13,24,96
reaction_diffusion,10,1.3738230109083815e-06,3.9846509025665e-07,3.3785127016017213e-05,rd_seed13_ld24_rl96,13,24,96
reaction_diffusion,11,2.1457517505041324e-06,7.610464649587811e-07,2.7614518330665305e-05,rd_seed13_ld24_rl96,13,24,96
reaction_diffusion,12,2.077154022117611e-06,1.1014036545020645e-06,2.3131897251005284e-05,rd_seed13_ld24_rl96,13,24,96
reaction_diffusion,13,1.723932314234844e-06,1.0142401833945769e-06,2.2676917069475166e-05,rd_seed13_ld24_rl96,13,24,96
reaction_diffusion,14,2.251116711704526e-06,1.2620200777746504e-06,1.934223109856248e-05,rd_seed13_ld24_rl96,13,24,96
reaction_diffusion,15,1.8888259774030305e-06,1.4831030057393946e-06,1.647887438593898e-05,rd_seed13_ld24_rl96,13,24,96
reaction_diffusion,16,2.9191248813731363e-06,1.7754113059709198e-06,1.2841484931414016e-05,rd_seed13_ld24_rl96,13,24,96
reaction_diffusion,1,0.0004800497554242,6.169859989313409e-05,7.440090121235698e-05,rd_seed13_ld24_rl112,13,24,112
reaction_diffusion,2,0.0002039021783275,2.9440692742355168e-05,6.784684956073761e-05,rd_seed13_ld24_rl112,13,24,112
reaction_diffusion,3,0.0001029570412356,1.689386772341095e-05,6.266275886446238e-05,rd_seed13_ld24_rl112,13,24,112
reaction_diffusion,4,5.948333637206815e-05,1.1348960470058955e-05,5.700996916857548e-05,rd_seed13_ld24_rl112,13,24,112
reaction_diffusion,5,4.01815923396498e-05,8.757594514463563e-06,5.342547228792682e-05,rd_seed13_ld24_rl112,13,24,112
reaction_diffusion,6,2.5980900318245403e-05,6.444759037549375e-06,4.875435115536675e-05,rd_seed13_ld24_rl112,13,24,112
reaction_diffusion,7,1.780924321792554e-05,4.726523457065923e-06,4.343153705121949e-05,rd_seed13_ld24_rl112,13,24,112
reaction_diffusion,8,1.1056455150537658e-05,3.2457269298902247e-06,3.914947592420504e-05,rd_seed13_ld24_rl112,13,24,112
reaction_diffusion,9,8.802507181826513e-06,2.6067546059493907e-06,3.57412536686752e-05,rd_seed13_ld24_rl112,13,24,112
reaction_diffusion,10,6.815509095758898e-06,2.062494786514435e-06,3.171655043843202e-05,rd_seed13_ld24_rl112,13,24,112
reaction_diffusion,11,5.139785116625717e-06,1.506011813035002e-06,2.8487766030593772e-05,rd_seed13_ld24_rl112,13,24,112
reaction_diffusion,12,4.685012299887603e-06,1.3840198107573087e-06,2.5204484700225294e-05,rd_seed13_ld24_rl112,13,24,112
reaction_diffusion,13,4.051677024108358e-06,1.3502917681762483e-06,2.2203230400918983e-05,rd_seed13_ld24_rl112,13,24,112
reaction_diffusion,14,3.930175353161758e-06,1.3988438922751811e-06,1.934475039888639e-05,rd_seed13_ld24_rl112,13,24,112
reaction_diffusion,15,4.350943072495284e-06,1.6088837355709984e-06,1.6532052541151643e-05,rd_seed13_ld24_rl112,13,24,112
reaction_diffusion,16,4.635855020751478e-06,1.9758217604248784e-06,1.4191970876709092e-05,rd_seed13_ld24_rl112,13,24,112
reaction_diffusion,1,0.0005236571305431,6.938265869393945e-05,7.381714385701343e-05,rd_seed13_ld28_rl80,13,28,80
reaction_diffusion,2,0.0001307341444771,3.1298335670726374e-05,6.806961755501106e-05,rd_seed13_ld28_rl80,13,28,80
reaction_diffusion,3,6.916193524375558e-05,1.918741145345848e-05,6.065712295821868e-05,rd_seed13_ld28_rl80,13,28,80
reaction_diffusion,4,4.110995723749511e-05,1.2708846952591555e-05,5.552782749873586e-05,rd_seed13_ld28_rl80,13,28,80
reaction_diffusion,5,2.946992390207015e-05,1.07886953628622e-05,5.031326872995123e-05,rd_seed13_ld28_rl80,13,28,80
reaction_diffusion,6,2.1585290596704e-05,1.0276923603669276e-05,4.529285433818586e-05,rd_seed13_ld28_rl80,13,28,80
reaction_diffusion,7,1.891983447421808e-05,9.813678843784146e-06,4.157633156864904e-05,rd_seed13_ld28_rl80,13,28,80
reaction_diffusion,8,1.7513109924038872e-05,1.1184228242200334e-05,3.545778599800542e-05,rd_seed13_ld28_rl80,13,28,80
reaction_diffusion,9,1.612084270163905e-05,1.2381631677271798e-05,3.160247433697805e-05,rd_seed13_ld28_rl80,13,28,80
reaction_diffusion,10,1.591071668372024e-05,1.3097645933157764e-05,2.7901603971258737e-05,rd_seed13_ld28_rl80,13,28,80
reaction_diffusion,11,1.3638641576108055e-05,1.1981368515989743e-05,2.37998701777542e-05,rd_seed13_ld28_rl80,13,28,80
reaction_diffusion,12,1.2716879609797616e-05,1.1562460713321345e-05,1.942817834788002e-05,rd_seed13_ld28_rl80,13,28,80
reaction_diffusion,13,1.1213165635126645e-05,1.0717115401348565e-05,1.713280289550312e-05,rd_seed13_ld28_rl80,13,28,80
reaction_diffusion,14,1.137908566306578e-05,1.1070977052440869e-05,1.3485979252436664e-05,rd_seed13_ld28_rl80,13,28,80
reaction_diffusion,15,8.703371349838562e-06,8.875715138856322e-06,1.1419929251133e-05,rd_seed13_ld28_rl80,13,28,80
reaction_diffusion,16,6.463329100370174e-06,6.6361217250232585e-06,9.050323569681495e-06,rd_seed13_ld28_rl80,13,28,80
reaction_diffusion,1,0.0003153318539261,5.869596861884929e-05,7.31346444808878e-05,rd_seed13_ld28_rl96,13,28,96
reaction_diffusion,2,0.0001319630973739,2.849243719538208e-05,6.670204311376438e-05,rd_seed13_ld28_rl96,13,28,96
reaction_diffusion,3,7.70957994973287e-05,1.683512527961284e-05,5.989155397401191e-05,rd_seed13_ld28_rl96,13,28,96
reaction_diffusion,4,5.27680094819516e-05,1.2126465662731787e-05,5.4771888244431466e-05,rd_seed13_ld28_rl96,13,28,96
reaction_diffusion,5,3.8501551898662e-05,9.513738405075856e-06,4.887691466137767e-05,rd_seed13_ld28_rl96,13,28,96
reaction_diffusion,6,3.096318323514424e-05,8.151467227435205e-06,4.494608219829388e-05,rd_seed13_ld28_rl96,13,28,96
reaction_diffusion,7,2.25995754590258e-05,6.447985470003914e-06,3.9579412259627134e-05,rd_seed13_ld28_rl96,13,28,96
reaction_diffusion,8,1.8260472643305548e-05,5.416623480414273e-06,3.5377182939555496e-05,rd_seed13_ld28_rl96,13,28,96
reaction_diffusion,9,1.4550742889696268e-05,4.3588815969997086e-06,3.135747465421446e-05,rd_seed13_ld28_rl96,13,28,96
reaction_diffusion,10,1.0901300811383408e-05,3.1342087822849862e-06,2.8303848012001254e-05,rd_seed13_ld28_rl96,13,28,96
reaction_diffusion,11,7.807891961419955e-06,2.1983446458762046e-06,2.446882717777044e-05,rd_seed13_ld28_rl96,13,28,96
reaction_diffusion,12,6.557580491062254e-06,1.7390026414432214e-06,2.1236153770587407e-05,rd_seed13_ld28_rl96,13,28,96
reaction_diffusion,13,3.98023939851555e-06,9.348237881567912e-07,1.804487874323968e-05,rd_seed13_ld28_rl96,13,28,96
reaction_diffusion,14,2.703420705074677e-06,6.529974712066178e-07,1.5291798263206147e-05,rd_seed13_ld28_rl96,13,28,96
reaction_diffusion,15,3.341036290294141e-06,8.320431561514852e-07,1.3432697414828e-05,rd_seed13_ld28_rl96,13,28,96
reaction_diffusion,16,2.5504707537038485e-06,6.62288073272066e-07,1.0949755051115062e-05,rd_seed13_ld28_rl96,13,28,96
reaction_diffusion,1,0.0005748314433731,8.185081242118031e-05,7.156068022595719e-05,rd_seed13_ld28_rl112,13,28,112
reaction_diffusion,2,0.0002093491784762,3.646891855169088e-05,6.435693649109453e-05,rd_seed13_ld28_rl112,13,28,112
reaction_diffusion,3,0.0001047966870828,2.030456744250841e-05,5.794816024717875e-05,rd_seed13_ld28_rl112,13,28,112
reaction_diffusion,4,6.682624371023849e-05,1.389643603033619e-05,5.218859587330371e-05,rd_seed13_ld28_rl112,13,28,112
reaction_diffusion,5,4.540954978438094e-05,1.0238736649625936e-05,4.660035119741224e-05,rd_seed13_ld28_rl112,13,28,112
reaction_diffusion,6,3.237668352085166e-05,7.802833351888694e-06,4.217790410621092e-05,rd_seed13_ld28_rl112,13,28,112
reaction_diffusion,7,2.3012104065855965e-05,6.213810138433473e-06,3.74183218809776e-05,rd_seed13_ld28_rl112,13,28,112
reaction_diffusion,8,1.881709977169521e-05,5.860085821041139e-06,3.2463824027217925e-05,rd_seed13_ld28_rl112,13,28,112
reaction_diffusion,9,1.5270607036654837e-05,5.361369403544813e-06,2.9266491765156388e-05,rd_seed13_ld28_rl112,13,28,112
reaction_diffusion,10,1.3779326764051802e-05,5.35098979526083e-06,2.535992825869471e-05,rd_seed13_ld28_rl112,13,28,112
reaction_diffusion,11,1.1865783562825529e-05,4.9934446906263474e-06,2.216285611211788e-05,rd_seed13_ld28_rl112,13,28,112
reaction_diffusion,12,9.74115391727537e-06,4.326677299104631e-06,1.905377757793758e-05,rd_seed13_ld28_rl112,13,28,112
reaction_diffusion,13,7.726886906311847e-06,3.6092772006668383e-06,1.568338666402269e-05,rd_seed13_ld28_rl112,13,28,112
reaction_diffusion,14,6.038791070750449e-06,3.1361080345959635e-06,1.349606736766873e-05,rd_seed13_ld28_rl112,13,28,112
reaction_diffusion,15,4.237007487972733e-06,2.046248482656665e-06,1.0906157513090877e-05,rd_seed13_ld28_rl112,13,28,112
reaction_diffusion,16,2.961275868074153e-06,1.3461180969898123e-06,9.00692157301819e-06,rd_seed13_ld28_rl112,13,28,112
reaction_diffusion,1,0.0003806459717452,3.6291155993239954e-05,7.449993427144364e-05,rd_seed13_ld32_rl80,13,32,80
reaction_diffusion,2,0.0001014755616779,1.961783527804073e-05,6.920781743247062e-05,rd_seed13_ld32_rl80,13,32,80
reaction_diffusion,3,4.816025102627464e-05,1.923802847159095e-05,6.572477286681533e-05,rd_seed13_ld32_rl80,13,32,80
reaction_diffusion,4,3.287364597781561e-05,2.012464210565668e-05,6.434423266910017e-05,rd_seed13_ld32_rl80,13,32,80
reaction_diffusion,5,2.9930577511549927e-05,2.053363641607575e-05,5.754644007538445e-05,rd_seed13_ld32_rl80,13,32,80
reaction_diffusion,6,2.173968823626637e-05,1.570238782733213e-05,5.094228617963381e-05,rd_seed13_ld32_rl80,13,32,80
reaction_diffusion,7,2.1051488147350028e-05,1.6050053091021255e-05,4.7029338020365685e-05,rd_seed13_ld32_rl80,13,32,80
reaction_diffusion,8,1.7429001673008315e-05,1.3967055565444753e-05,4.550200901576318e-05,rd_seed13_ld32_rl80,13,32,80
reaction_diffusion,9,1.330613304162398e-05,1.0431164810142944e-05,3.9062138966983184e-05,rd_seed13_ld32_rl80,13,32,80
reaction_diffusion,10,1.0175655916100368e-05,6.752808985766023e-06,3.872505476465449e-05,rd_seed13_ld32_rl80,13,32,80
reaction_diffusion,11,5.851794412592426e-06,4.515409727900988e-06,3.502361141727306e-05,rd_seed13_ld32_rl80,13,32,80
reaction_diffusion,12,4.187184003967559e-06,2.4884914182621287e-06,3.124908835161477e-05,rd_seed13_ld32_rl80,13,32,80
reaction_diffusion,13,4.648964932130184e-06,2.191902694903547e-06,2.680446777958423e-05,rd_seed13_ld32_rl80,13,32,80
reaction_diffusion,14,5.162171873962507e-06,1.2222319583088392e-06,2.5423294573556632e-05,rd_seed13_ld32_rl80,13,32,80
reaction_diffusion,15,4.792949766851962e-06,8.58520650126593e-07,2.1207000827416778e-05,rd_seed13_ld32_rl80,13,32,80
reaction_diffusion,16,5.23576181876706e-06,8.148011261255306e-07,1.8928667486761697e-05,rd_seed13_ld32_rl80,13,32,80
reaction_diffusion,1,0.0008063308778218,7.34709610696882e-05,7.300511060748249e-05,rd_seed13_ld32_rl96,13,32,96
reaction_diffusion,2,0.000183091382496,3.305224163341336e-05,6.715150811942294e-05,rd_seed13_ld32_rl96,13,32,96
reaction_diffusion,3,8.902904664864764e-05,2.7875015803147107e-05,6.300093809841201e-05,rd_seed13_ld32_rl96,13,32,96
reaction_diffusion,4,6.279836088651791e-05,2.635659075167496e-05,5.737479659728706e-05,rd_seed13_ld32_rl96,13,32,96
reaction_diffusion,5,5.435242564999498e-05,2.625988236104604e-05,5.228313966654241e-05,rd_seed13_ld32_rl96,13,32,96
reaction_diffusion,6,4.765157791553065e-05,2.6129364414373413e-05,4.970936424797401e-05,rd_seed13_ld32_rl96,13,32,96
reaction_diffusion,7,3.966525400755927e-05,2.3631704607396387e-05,4.5633882109541446e-05,rd_seed13_ld32_rl96,13,32,96
reaction_diffusion,8,3.0053950467845425e-05,2.022139233304188e-05,4.255278327036649e-05,rd_seed13_ld32_rl96,13,32,96
reaction_diffusion,9,2.25995245273225e-05,1.613371387065854e-05,3.772333730012178e-05,rd_seed13_ld32_rl96,13,32,96
reaction_diffusion,10,1.7024314729496837e-05,1.2966345821041614e-05,3.5026670957449824e-05,rd_seed13_ld32_rl96,13,32,96
reaction_diffusion,11,1.4920418834662996e-05,1.2098355000489391e-05,3.079784073634073e-05,rd_seed13_ld32_rl96,13,32,96
reaction_diffusion,12,1.2933172911289148e-05,1.050604805641342e-05,2.764592136372812e-05,rd_seed13_ld32_rl96,13,32,96
reaction_diffusion,13,1.0166328138438985e-05,7.853111128497403e-06,2.4338218281627636e-05,rd_seed13_ld32_rl96,13,32,96
reaction_diffusion,14,6.876367933728034e-06,5.252475602901541e-06,2.1641926650772803e-05,rd_seed13_ld32_rl96,13,32,96
reaction_diffusion,15,5.575809154834133e-06,4.512819486990338e-06,1.9184428310836665e-05,rd_seed13_ld32_rl96,13,32,96
reaction_diffusion,16,4.500126124185044e-06,3.809398322118796e-06,1.51412123159389e-05,rd_seed13_ld32_rl96,13,32,96
reaction_diffusion,1,0.000572106684558,0.0001308459468418,6.882818706799299e-05,rd_seed13_ld32_rl112,13,32,112
reaction_diffusion,2,0.0002247839147457,6.562743510585278e-05,6.296915671555325e-05,rd_seed13_ld32_rl112,13,32,112
reaction_diffusion,3,0.0001192530617117,4.263419396011159e-05,5.538144978345372e-05,rd_seed13_ld32_rl112,13,32,112
reaction_diffusion,4,7.859559264034033e-05,3.401688445592299e-05,4.959328725817613e-05,rd_seed13_ld32_rl112,13,32,112
reaction_diffusion,5,6.523066258523613e-05,3.209644273738377e-05,4.391853144625202e-05,rd_seed13_ld32_rl112,13,32,112
reaction_diffusion,6,5.8242461818736047e-05,3.2044670660980046e-05,3.867018676828593e-05,rd_seed13_ld32_rl112,13,32,112
reaction_diffusion,7,5.798262282041833e-05,3.42601997544989e-05,3.389456105651334e-05,rd_seed13_ld32_rl112,13,32,112
reaction_diffusion,8,6.00745297560934e-05,3.736354483407922e-05,2.92775766865816e-05,rd_seed13_ld32_rl112,13,32,112
reaction_diffusion,9,5.9201141993980855e-05,3.8924477848922834e-05,2.5005423594848253e-05,rd_seed13_ld32_rl112,13,32,112
reaction_diffusion,10,5.68691139051225e-05,3.84022387152072e-05,2.132221561623737e-05,rd_seed13_ld32_rl112,13,32,112
reaction_diffusion,11,5.186205089557916e-05,3.647969424491748e-05,1.7549102267366834e-05,rd_seed13_ld32_rl112,13,32,112
reaction_diffusion,12,5.155947292223573e-05,3.691018355311826e-05,1.4128799193713348e-05,rd_seed13_ld32_rl112,13,32,112
reaction_diffusion,13,4.610455289366655e-05,3.3561289455974475e-05,1.1709675163729116e-05,rd_seed13_ld32_rl112,13,32,112
reaction_diffusion,14,3.953510895371437e-05,2.9330813049455173e-05,9.380531992064787e-06,rd_seed13_ld32_rl112,13,32,112
reaction_diffusion,15,3.472825846984051e-05,2.5849545636447147e-05,7.204968369478593e-06,rd_seed13_ld32_rl112,13,32,112
reaction_diffusion,16,2.932786082965322e-05,2.1769545128336176e-05,5.470536507345969e-06,rd_seed13_ld32_rl112,13,32,112
