run_name,seed,latent_dim,rollout_len,best_strategy,best_full_rel_mse,latent_full_rel_mse,hybrid8_full_rel_mse,hybrid16_full_rel_mse,hybrid8_beats_latent,hybrid16_beats_latent,hybrid16_margin_vs_latent
rd_seed13_ld32_rl112,13,32,112,hybrid_8,0.0045025460422039,0.0081645883619785,0.0045025460422039,0.004832467995584,True,True,0.0033321203663945
rd_seed11_ld24_rl112,11,24,112,hybrid_16,0.0041299909353256,0.007189180701971,0.004338966216892,0.0041299909353256,True,True,0.0030591897666454003
rd_seed13_ld20_rl112,13,20,112,hybrid_16,0.0040257424116134,0.0070563028566539,0.0043691243045032,0.0040257424116134,True,True,0.0030305604450405
rd_seed13_ld32_rl96,13,32,96,hybrid_16,0.0025207721628248,0.0049905967898666,0.0025431916583329,0.0025207721628248,True,True,0.0024698246270418
rd_seed7_ld24_rl112,7,24,112,hybrid_16,0.0038626797031611,0.0061673554591834,0.003886779770255,0.0038626797031611,True,True,0.0023046757560223
rd_seed11_ld16_rl112,11,16,112,hybrid_8,0.0044874045997858,0.0067962510511279,0.0044874045997858,0.0046334038488566,True,True,0.0021628472022713003
rd_seed7_ld20_rl112,7,20,112,hybrid_16,0.0053169531747698,0.0074331439100205,0.0055629452690482,0.0053169531747698,True,True,0.0021161907352506993
rd_seed11_ld32_rl96,11,32,96,hybrid_16,0.002902353182435,0.0047774091362953,0.0029768489766865,0.002902353182435,True,True,0.0018750559538603002
rd_seed7_ld16_rl112,7,16,112,hybrid_16,0.0054655997082591,0.0072627090848982,0.0071211145259439,0.0054655997082591,True,True,0.0017971093766391
rd_seed7_ld28_rl112,7,28,112,hybrid_16,0.0046133990399539,0.0061407727189362,0.006971922237426,0.0046133990399539,False,True,0.0015273736789822995
rd_seed11_ld24_rl96,11,24,96,hybrid_8,0.0029571985360234,0.0041311709210276,0.0029571985360234,0.0030569895170629,True,True,0.0010741814039646998
rd_seed13_ld24_rl96,13,24,96,hybrid_16,0.0026441232766956,0.0033514818642288,0.0027167326770722,0.0026441232766956,True,True,0.0007073585875332
rd_seed7_ld20_rl96,7,20,96,hybrid_16,0.0028663389384746,0.0035665861796587,0.0046147406101226,0.0028663389384746,False,True,0.0007002472411840998
rd_seed11_ld28_rl112,11,28,112,hybrid_4,0.0036682565696537,0.0044663101434707,0.0037429814692586,0.0038782265037298,True,True,0.0005880836397409001
rd_seed7_ld24_rl96,7,24,96,hybrid_16,0.0024205297231674,0.0029089828021824,0.0024693000596016,0.0024205297231674,True,True,0.0004884530790150001
rd_seed7_ld16_rl80,7,16,80,hybrid_16,0.0022522632498294,0.0026515955105423,0.0024805886205285,0.0022522632498294,True,True,0.0003993322607129001
rd_seed13_ld24_rl80,13,24,80,hybrid_16,0.0024302520323544,0.0027710197027772,0.0026873934548348,0.0024302520323544,True,True,0.00034076767042280024
rd_seed13_ld16_rl112,13,16,112,hybrid_16,0.0066732983104884,0.0068778893910348,0.0091342162340879,0.0066732983104884,False,True,0.0002045910805463999
rd_seed7_ld28_rl96,7,28,96,hybrid_16,0.0031812763772904,0.0033657739404588,0.0044036908075213,0.0031812763772904,False,True,0.00018449756316839998
rd_seed13_ld28_rl80,13,28,80,hybrid_16,0.0023431966546922,0.0024388181045651,0.002373237395659,0.0023431966546922,True,True,9.562144987289994e-05
rd_seed11_ld16_rl96,11,16,96,hybrid_16,0.0031623670365661,0.0032143394928425,0.0040585310198366,0.0031623670365661,False,True,5.1972456276399865e-05
rd_seed7_ld32_rl112,7,32,112,hybrid_16,0.0049811210483312,0.005018922034651,0.0059856888838112,0.0049811210483312,False,True,3.78009863198003e-05
rd_seed13_ld24_rl112,13,24,112,hybrid_16,0.0043043326586484,0.0043410784564912,0.0046011046506464,0.0043043326586484,False,True,3.674579784279999e-05
rd_seed7_ld24_rl80,7,24,80,hybrid_16,0.0021830759942531,0.0022042060736566,0.0024483143351972,0.0021830759942531,False,True,2.1130079403500115e-05
rd_seed13_ld20_rl96,13,20,96,hybrid_16,0.0034432453103363,0.0034470616374164,0.0035194414667785,0.0034432453103363,False,True,3.8163270801002194e-06
rd_seed11_ld28_rl80,11,28,80,hybrid_16,0.0024826743174344,0.0024863064754754,0.0024941402953118,0.0024826743174344,False,True,3.6321580409999325e-06
rd_seed11_ld20_rl96,11,20,96,hybrid_16,0.0031382672023028,0.0031418611761182,0.0043859216384589,0.0031382672023028,False,True,3.593973815399932e-06
rd_seed11_ld20_rl80,11,20,80,hybrid_16,0.0024720143992453,0.0024752675089985,0.0024762754328548,0.0024720143992453,False,True,3.253109753200388e-06
rd_seed7_ld20_rl80,7,20,80,latent,0.0024058772251009,0.0024058772251009,0.0024517537094652,0.0024287453852593,False,False,-2.2868160158400104e-05
rd_seed7_ld28_rl80,7,28,80,latent,0.0022808029316365,0.0022808029316365,0.0025559156201779,0.0023432259913533,False,False,-6.24230597167999e-05
rd_seed11_ld16_rl80,11,16,80,latent,0.0025258930400013,0.0025258930400013,0.0028325871098786,0.0026053013280034,False,False,-7.940828800210003e-05
rd_seed13_ld16_rl80,13,16,80,latent,0.0020780642516911,0.0020780642516911,0.002329570474103,0.0021712454035878,False,False,-9.318115189669999e-05
rd_seed11_ld32_rl80,11,32,80,latent,0.00255020824261,0.00255020824261,0.0031615782063454,0.0026600135024636,False,False,-0.00010980525985360015
rd_seed11_ld24_rl80,11,24,80,latent,0.0026488797739148,0.0026488797739148,0.0034505510702729,0.0028064013458788,False,False,-0.0001575215719639999
rd_seed11_ld28_rl96,11,28,96,latent,0.003597347298637,0.003597347298637,0.0049396716058254,0.0038625162560492,False,False,-0.00026516895741219995
rd_seed7_ld32_rl96,7,32,96,latent,0.0030366759747266,0.0030366759747266,0.0049825101159513,0.003386587370187,False,False,-0.00034991139546039973
rd_seed13_ld28_rl112,13,28,112,latent,0.0042201760224998,0.0042201760224998,0.0049899485893547,0.0045857457444071,False,False,-0.00036556972190730005
rd_seed13_ld28_rl96,13,28,96,latent,0.0026806411333382,0.0026806411333382,0.0042926417663693,0.0030854663345962,False,False,-0.000404825201258
rd_seed13_ld20_rl80,13,20,80,latent,0.0024571218527853,0.0024571218527853,0.0036846220027655,0.0028890138491988,False,False,-0.0004318919964135001
rd_seed13_ld16_rl96,13,16,96,latent,0.0026602738071233,0.0026602738071233,0.0051613328978419,0.0031059039756655,False,False,-0.00044563016854219997
rd_seed7_ld32_rl80,7,32,80,latent,0.002215479966253,0.002215479966253,0.004155128262937,0.0030737661290913,False,False,-0.0008582861628382999
rd_seed11_ld20_rl112,11,20,112,latent,0.0048143318854272,0.0048143318854272,0.009847012348473,0.0060915653593838,False,False,-0.0012772334739565997
rd_seed13_ld32_rl80,13,32,80,latent,0.0022787689231336,0.0022787689231336,0.0073204124346375,0.0035707636270672,False,False,-0.0012919947039336
rd_seed11_ld32_rl112,11,32,112,latent,0.0051528150215744,0.0051528150215744,0.0139003898948431,0.0066636479459702,False,False,-0.0015108329243957996
rd_seed7_ld16_rl96,7,16,96,latent,0.0036360502708703,0.0036360502708703,0.0135149173438549,0.0070599601604044,False,False,-0.0034239098895341
