run_name,seed,latent_dim,rollout_len,final_step_rel_mse__hybrid_16,final_step_rel_mse__hybrid_8,final_step_rel_mse__latent,full_rel_mse__hybrid_16,full_rel_mse__hybrid_8,full_rel_mse__latent,tail16_rel_mse__hybrid_16,tail16_rel_mse__hybrid_8,tail16_rel_mse__latent,latent_damage_mean,latent_damage_max,latent_damage_last,state_damage_mean,state_damage_max,direct_ground_mean,direct_ground_max,best_strategy,oracle_best_value,regret_vs_oracle__latent,regret_vs_oracle__hybrid_8,regret_vs_oracle__hybrid_16,predicted_strategy,predicted_metric,selector_regret_vs_oracle
rd_seed7_ld16_rl80,7,16,80,0.0028745799791067,0.0031115713063627,0.0043112351559102,0.0022522632498294,0.0024805886205285,0.0026515955105423,0.0024758775252848,0.0027421412523835,0.003482574597001,5.6912073773671566e-05,0.0002653370320331,1.58737620949978e-05,2.0096224091048498e-05,3.714021295309067e-05,4.423944528753054e-05,7.380615716101602e-05,hybrid_16,0.0022522632498294,0.0003993322607129001,0.00022832537069910003,0.0,hybrid_8,0.0024805886205285,0.00022832537069910003
rd_seed7_ld20_rl80,7,20,80,0.0029956342186778,0.0029510760214179,0.0031175795011222,0.0024287453852593,0.0024517537094652,0.0024058772251009,0.0025315415114164,0.0025107702240347,0.0025952549185603,6.207333014884499e-05,0.0005462007829919,1.415378505953413e-06,1.4066378055233031e-05,4.28485800512135e-05,4.433232220435457e-05,7.649362669326365e-05,latent,0.0024058772251009,0.0,4.587648436429979e-05,2.2868160158400104e-05,latent,0.0024058772251009,0.0
rd_seed7_ld24_rl80,7,24,80,0.0024657426401972,0.0029130678158253,0.0031114069279283,0.0021830759942531,0.0024483143351972,0.0022042060736566,0.0021898143459111,0.0026095886714756,0.0024753417819738,8.107724207206691e-05,0.0010837757727131,4.903808530798415e-06,9.121486954200009e-06,6.9634617830161e-05,3.819521765535683e-05,7.630695472471416e-05,hybrid_16,0.0021830759942531,2.1130079403500115e-05,0.0002652383409440999,0.0,hybrid_16,0.0021830759942531,0.0
rd_seed7_ld28_rl80,7,28,80,0.0027310727164149,0.0030969730578362,0.0027944229077547,0.0023432259913533,0.0025559156201779,0.0022808029316365,0.002364284126088,0.0026922856923192,0.0023318335879594,6.77439141725194e-05,0.0006542127230204,2.55450140684843e-06,1.1498064083070858e-05,6.133698479970917e-05,3.612504684724627e-05,7.351918611675501e-05,latent,0.0022808029316365,0.0,0.0002751126885414002,6.24230597167999e-05,latent,0.0022808029316365,0.0
rd_seed7_ld32_rl80,7,32,80,0.004920553881675,0.0080804526805877,0.003543333383277,0.0030737661290913,0.004155128262937,0.002215479966253,0.0043255975469946,0.0067257001064717,0.0026889634318649,5.4935379580450074e-05,0.0004799054586328,4.204136985208606e-06,1.5609684865580675e-05,6.328493327600881e-05,4.139732141084096e-05,7.408674719044939e-05,latent,0.002215479966253,0.0,0.0019396482966840003,0.0008582861628382999,latent,0.002215479966253,0.0
rd_seed7_ld16_rl96,7,16,96,0.0162610150873661,0.0296918302774429,0.0069103012792766,0.0070599601604044,0.0135149173438549,0.0036360502708703,0.0132322050631046,0.0244540218263864,0.0056779203005135,0.000991316208455775,0.0017796070314943,0.0004557190986815,0.000751733738070425,0.0010993463220074,2.2236036379297275e-05,7.156567880883813e-05,latent,0.0036360502708703,0.0,0.0098788670729846,0.0034239098895341,latent,0.0036360502708703,0.0
rd_seed7_ld20_rl96,7,20,96,0.0049009267240762,0.0094381524249911,0.0085771642625331,0.0028663389384746,0.0046147406101226,0.0035665861796587,0.0041473293676972,0.0077632386237382,0.0062789735384285,0.00018554459666115,0.0005809779977425,0.0001093966639018,0.0001221303282363389,0.000153947781655,2.8912274174786035e-05,7.243472646223381e-05,hybrid_16,0.0028663389384746,0.0007002472411840998,0.001748401671648,0.0,latent,0.0035665861796587,0.0007002472411840998
rd_seed7_ld24_rl96,7,24,96,0.0040764431469142,0.0038697959389537,0.0058881808072328,0.0024205297231674,0.0024693000596016,0.0029089828021824,0.0032943331170827,0.0031786819454282,0.0046063088811933,6.500997508850427e-05,0.0007160906097851,5.898269137105672e-06,1.4506355185513005e-05,0.0001112818863475,3.441880653554108e-05,7.107164128683507e-05,hybrid_16,0.0024205297231674,0.0004884530790150001,4.877033643420001e-05,0.0,hybrid_16,0.0024205297231674,0.0
rd_seed7_ld28_rl96,7,28,96,0.0059478296898305,0.010012243874371,0.0078886523842811,0.0031812763772904,0.0044036908075213,0.0033657739404588,0.0048464643768966,0.0077617517672479,0.0056741214357316,9.395271260358687e-05,0.0009297568467445,5.67836468690075e-06,2.143923853736286e-05,0.0001294967805733,3.6567203665072157e-05,7.480561907868832e-05,hybrid_16,0.0031812763772904,0.00018449756316839998,0.0012224144302308997,0.0,hybrid_16,0.0031812763772904,0.0
rd_seed7_ld32_rl96,7,32,96,0.005070493556559,0.0081804618239402,0.0060962424613535,0.003386587370187,0.0049825101159513,0.0030366759747266,0.0043659415096044,0.0066420412622392,0.0045741135254502,0.0001704510950730477,0.0005359141505323,9.180273627862334e-05,0.00012315092408239544,0.0001870474079623,2.9777925519169912e-05,7.504412496928126e-05,latent,0.0030366759747266,0.0,0.0019458341412246995,0.00034991139546039973,latent,0.0030366759747266,0.0
rd_seed7_ld16_rl112,7,16,112,0.0127083286643028,0.0187594890594482,0.0215825270861387,0.0054655997082591,0.0071211145259439,0.0072627090848982,0.0107503402978181,0.0151881426572799,0.0163037069141864,9.684114183982351e-05,0.0004015090526081,9.132103878073394e-05,4.0955872350423306e-05,7.768368232063949e-05,3.3011280009986876e-05,7.308657222893089e-05,hybrid_16,0.0054655997082591,0.0017971093766391,0.0016555148176848004,0.0,latent,0.0072627090848982,0.0017971093766391
rd_seed7_ld20_rl112,7,20,112,0.0127686820924282,0.0140106864273548,0.0203562881797552,0.0053169531747698,0.0055629452690482,0.0074331439100205,0.0108371367678046,0.0115472925826907,0.0164610277861356,7.075886020401643e-05,0.0005956826498731,8.082343811111059e-06,1.4216582513881804e-05,8.384672401007265e-05,3.264022279836354e-05,6.794505316065624e-05,hybrid_16,0.0053169531747698,0.0021161907352506993,0.00024599209427839976,0.0,latent,0.0074331439100205,0.0021161907352506993
rd_seed7_ld24_rl112,7,24,112,0.007894167676568,0.0082788355648517,0.0149992275983095,0.0038626797031611,0.003886779770255,0.0061673554591834,0.0069646229967474,0.0069144568406045,0.0126750897616148,6.679971883727114e-05,0.0006540345493704,3.4080840123351663e-06,1.5218870714761577e-05,9.999335452448575e-05,3.874795874025949e-05,7.050520071061328e-05,hybrid_16,0.0038626797031611,0.0023046757560223,2.410006709389987e-05,0.0,latent,0.0061673554591834,0.0023046757560223
rd_seed7_ld28_rl112,7,28,112,0.0097488341853022,0.0178089048713445,0.0192909762263298,0.0046133990399539,0.006971922237426,0.0061407727189362,0.0086985444650053,0.0148388985544443,0.0142861763015389,7.112825556987117e-05,0.0005441369139589,7.997304237505887e-06,1.7105004999962148e-05,8.243320917245e-05,3.6742945098922064e-05,7.40139075787738e-05,hybrid_16,0.0046133990399539,0.0015273736789822995,0.0023585231974721,0.0,latent,0.0061407727189362,0.0015273736789822995
rd_seed7_ld32_rl112,7,32,112,0.0111696533858776,0.0141384797170758,0.0142194041982293,0.0049811210483312,0.0059856888838112,0.005018922034651,0.0096523063257336,0.0120613034814596,0.0108492355793714,3.745527601494748e-05,0.0003717918880283,7.015186838543741e-06,7.476076099521833e-06,6.293266778811812e-05,4.000939372872381e-05,7.174260827014223e-05,hybrid_16,0.0049811210483312,3.78009863198003e-05,0.00100456783548,0.0,hybrid_16,0.0049811210483312,0.0
rd_seed11_ld16_rl80,11,16,80,0.0033126685302704,0.0039787106215953,0.0034773298539221,0.0026053013280034,0.0028325871098786,0.0025258930400013,0.0028059682808816,0.0032449231948703,0.0027631644625216,6.067625980676531e-05,0.000626430963166,1.3914202099840622e-05,1.3809503371930987e-05,3.283997284597717e-05,3.6384570535119565e-05,7.050661952234805e-05,latent,0.0025258930400013,0.0,0.00030669406987729984,7.940828800210003e-05,hybrid_16,0.0026053013280034,7.940828800210003e-05
rd_seed11_ld20_rl80,11,20,80,0.0028608997818082,0.0028642860706895,0.0028696036897599,0.0024720143992453,0.0024762754328548,0.0024752675089985,0.0024263705126941,0.002433834131807,0.002432543085888,1.4554268004118853e-06,2.0208059140713885e-05,1.6840928651618017e-07,1.6492950570545784e-07,1.1105541943834396e-06,3.7429607175454294e-05,6.822971772635356e-05,hybrid_16,0.0024720143992453,3.253109753200388e-06,4.261033609500361e-06,0.0,latent,0.0024752675089985,3.253109753200388e-06
rd_seed11_ld24_rl80,11,24,80,0.0035008264239877,0.0036344695836305,0.0036849530879408,0.0028064013458788,0.0034505510702729,0.0026488797739148,0.0028941670898348,0.0031797990668565,0.0029900837689638,0.00017163933125624375,0.0005116821848787,0.0001169255774584,0.0001458436308893928,0.000193767962628,2.862228312494608e-05,7.175769133027643e-05,latent,0.0026488797739148,0.0,0.0008016712963580998,0.0001575215719639999,latent,0.0026488797739148,0.0
rd_seed11_ld28_rl80,11,28,80,0.0028316755779087,0.0028429459780454,0.0029693183023482,0.0024826743174344,0.0024941402953118,0.0024863064754754,0.0024472326040267,0.0024634771980345,0.0025040677282959,1.1147159021614013e-05,0.000121421253425,7.666539204365108e-06,5.116395951340613e-06,2.450111423968337e-05,3.849961450441697e-05,7.379336602753028e-05,hybrid_16,0.0024826743174344,3.6321580409999325e-06,1.1465977877399714e-05,0.0,hybrid_16,0.0024826743174344,0.0
rd_seed11_ld32_rl80,11,32,80,0.003392627928406,0.0039779129438102,0.0034483219496905,0.0026600135024636,0.0031615782063454,0.00255020824261,0.0029674465768039,0.0036580148153007,0.0028584953397512,8.466250756099772e-05,0.0004493112501222,3.1940908229444176e-05,6.194773459355537e-05,0.000101990350231,4.910850611850037e-05,7.317001291085035e-05,latent,0.00255020824261,0.0,0.0006113699637354001,0.00010980525985360015,hybrid_16,0.0026600135024636,0.00010980525985360015
rd_seed11_ld16_rl96,11,16,96,0.0051933508366346,0.0059981532394886,0.0062369597144424,0.0031623670365661,0.0040585310198366,0.0032143394928425,0.0040224543772637,0.0047583426348865,0.0046630743891,0.00033942282971106253,0.0008990445639938,0.0002600114094093,0.00018595249503045627,0.0002219315210822,5.546725174099265e-05,7.590450695715845e-05,hybrid_16,0.0031623670365661,5.1972456276399865e-05,0.0008961639832704999,0.0,latent,0.0032143394928425,5.1972456276399865e-05
rd_seed11_ld20_rl96,11,20,96,0.0056644212454557,0.0099543537944555,0.0061058322899043,0.0031382672023028,0.0043859216384589,0.0031418611761182,0.0046222414821386,0.007732615340501,0.0047941892407834,4.3346345677260655e-05,0.000408414111007,5.413042345026042e-06,7.694917268707968e-06,5.697269079973921e-05,3.914940486993146e-05,7.173260382842273e-05,hybrid_16,0.0031382672023028,3.593973815399932e-06,0.0012476544361561003,0.0,hybrid_16,0.0031382672023028,0.0
rd_seed11_ld24_rl96,11,24,96,0.0057562310248613,0.0052344510331749,0.0113730076700448,0.0030569895170629,0.0029571985360234,0.0041311709210276,0.0045101689174771,0.0041499105282127,0.0077268844470381,3.8460018416226587e-05,0.0003136312880087,2.86020713247126e-06,1.550709291819885e-05,7.521946099586785e-05,3.5389963329635066e-05,7.254620140884072e-05,hybrid_8,0.0029571985360234,0.0011739723850041997,0.0,9.979098103949985e-05,latent,0.0041311709210276,0.0011739723850041997
rd_seed11_ld28_rl96,11,28,96,0.0070531042292714,0.0097321644425392,0.0068047703243792,0.0038625162560492,0.0049396716058254,0.003597347298637,0.0060816127806901,0.0082823000848293,0.0056298607960343,4.561381027200675e-05,0.0003322894626762,2.662677388798329e-06,1.0761104334733318e-05,7.711526995990425e-05,3.563003997442138e-05,7.100103539414704e-05,latent,0.003597347298637,0.0,0.0013423243071884,0.00026516895741219995,latent,0.003597347298637,0.0
rd_seed11_ld32_rl96,11,32,96,0.0050738411955535,0.0049966643564403,0.0115786362439394,0.002902353182435,0.0029768489766865,0.0047774091362953,0.0041800579056143,0.0042436891235411,0.0090992264449596,2.8398543925329322e-05,0.0002710158005356,2.0261636564100627e-06,6.492058709284265e-06,4.736762639367953e-05,4.031456251141208e-05,7.49383179936558e-05,hybrid_16,0.002902353182435,0.0018750559538603002,7.449579425150002e-05,0.0,latent,0.0047774091362953,0.0018750559538603002
rd_seed11_ld16_rl112,11,16,112,0.010916331782937,0.0116094388067722,0.0171247366815805,0.0046334038488566,0.0044874045997858,0.0067962510511279,0.0089825829491019,0.0090119261294603,0.0139249246567487,0.00019256090308768687,0.0006669095018878,6.293900514720008e-05,8.417845037910438e-05,0.0001501198421465,4.490427318160073e-05,7.066392572596669e-05,hybrid_8,0.0044874045997858,0.0023088464513421,0.0,0.00014599924907079953,hybrid_16,0.0046334038488566,0.00014599924907079953
rd_seed11_ld20_rl112,11,20,112,0.0125821446999907,0.0240226089954376,0.0101345106959342,0.0060915653593838,0.009847012348473,0.0048143318854272,0.0113195125013589,0.0206927638500928,0.00866808462888,0.00010627820711305675,0.0004619666724465,7.864289364079013e-05,5.3420168569573434e-05,8.392510062549263e-05,3.500324362448737e-05,7.320126314880326e-05,latent,0.0048143318854272,0.0,0.005032680463045799,0.0012772334739565997,hybrid_16,0.0060915653593838,0.0012772334739565997
rd_seed11_ld24_rl112,11,24,112,0.0090752858668565,0.009884824976325,0.024850046262145,0.0041299909353256,0.004338966216892,0.007189180701971,0.007687761913985,0.0081786569207906,0.0175886657088994,5.07462430618871e-05,0.0003985897928941,9.993153980758508e-06,1.5426122843109624e-05,6.357333768391982e-05,4.283733403553924e-05,7.535947224823758e-05,hybrid_16,0.0041299909353256,0.0030591897666454003,0.00020897528156639967,0.0,hybrid_16,0.0041299909353256,0.0
rd_seed11_ld28_rl112,11,28,112,0.0075708283111453,0.0072665177285671,0.0093749836087226,0.0038782265037298,0.0037429814692586,0.0044663101434707,0.0066902516409754,0.0063892980106174,0.0080790147185325,4.5000155381551555e-05,0.00031517635216,3.1561799005430657e-06,1.5779783602454245e-05,6.845810275990516e-05,4.139383850088052e-05,7.517497579101473e-05,hybrid_8,0.0037429814692586,0.0007233286742120999,0.0,0.00013524503447119975,latent,0.0044663101434707,0.0007233286742120999
rd_seed11_ld32_rl112,11,32,112,0.0175454504787921,0.0469066575169563,0.0118626952171325,0.0066636479459702,0.0139003898948431,0.0051528150215744,0.0138169825077056,0.0354034788906574,0.0098789222538471,9.500706892139692e-05,0.0004388393717817,9.227606642525644e-05,5.526420272872201e-05,9.399018017575143e-05,3.0402596991052633e-05,6.914551340742037e-05,latent,0.0051528150215744,0.0,0.0087475748732687,0.0015108329243957996,hybrid_16,0.0066636479459702,0.0015108329243957996
rd_seed13_ld16_rl80,13,16,80,0.0026147835887968,0.0028623128309845,0.0025048032402992,0.0021712454035878,0.002329570474103,0.0020780642516911,0.0021820738911628,0.0024201699998229,0.0020587062463164,6.502867406154085e-05,0.0006076098070479,3.788466301557492e-06,1.0123313575860493e-05,4.5859207602916285e-05,4.275110683238381e-05,7.836466102162376e-05,latent,0.0020780642516911,0.0,0.00025150622241189996,9.318115189669999e-05,latent,0.0020780642516911,0.0
rd_seed13_ld20_rl80,13,20,80,0.0031139936763793,0.0036879270337522,0.0027397656813263,0.0028890138491988,0.0036846220027655,0.0024571218527853,0.0028914483264088,0.0036232590209692,0.0024177259765565,0.00034882550426113126,0.00095167348627,0.0002603034954518,0.00021389037465263124,0.0002425088459858,5.859440329913923e-05,7.693984662182629e-05,latent,0.0024571218527853,0.0,0.0012275001499802,0.0004318919964135001,latent,0.0024571218527853,0.0
rd_seed13_ld24_rl80,13,24,80,0.003208271227777,0.003465374931693,0.0056834830902516,0.0024302520323544,0.0026873934548348,0.0027710197027772,0.0026339807081967,0.0028947142418473,0.0039378846995532,9.429472787302555e-05,0.0011502215638756,1.4001485396875069e-05,1.3496926952960564e-05,8.608819189248607e-05,4.2644924690193875e-05,7.899393676780164e-05,hybrid_16,0.0024302520323544,0.00034076767042280024,0.0002571414224804003,0.0,latent,0.0027710197027772,0.00034076767042280024
rd_seed13_ld28_rl80,13,28,80,0.0030042082071304,0.0028625463601201,0.0033425143919885,0.0023431966546922,0.002373237395659,0.0024388181045651,0.0025026798248291,0.0024242582730948,0.0028308692853897,5.926858491988424e-05,0.0005236571305431,6.463329100370174e-06,1.6310238436290092e-05,6.938265869393945e-05,3.653331964414974e-05,7.381714385701343e-05,hybrid_16,0.0023431966546922,9.562144987289994e-05,3.0040740966800344e-05,0.0,latent,0.0024388181045651,9.562144987289994e-05
rd_seed13_ld32_rl80,13,32,80,0.006161943078041,0.019805284217,0.0028453366830945,0.0035707636270672,0.0073204124346375,0.0022787689231336,0.0053007104434072,0.0147106684744358,0.0023368555121123,4.416667511008506e-05,0.0003806459717452,5.23576181876706e-06,1.1925007882496175e-05,3.6291155993239954e-05,4.445125966867636e-05,7.449993427144364e-05,latent,0.0022787689231336,0.0,0.0050416435115039,0.0012919947039336,hybrid_8,0.0073204124346375,0.0050416435115039
rd_seed13_ld16_rl96,13,16,96,0.0045158918946981,0.0067173307761549,0.0049821212887763,0.0031059039756655,0.0051613328978419,0.0026602738071233,0.003971901256591,0.0063557783141732,0.0039775436744093,0.00024641620711913126,0.0009716640342958,0.0001716740080155,0.00015184037056309376,0.0002622453030198,2.789801521885238e-05,7.16779031790793e-05,latent,0.0026602738071233,0.0,0.0025010590907186,0.00044563016854219997,hybrid_16,0.0031059039756655,0.00044563016854219997
rd_seed13_ld20_rl96,13,20,96,0.0069770473055541,0.0071332538500428,0.0070786573924124,0.0034432453103363,0.0035194414667785,0.0034470616374164,0.0055225314572453,0.0056084129028022,0.0055528287775814,7.533819956506546e-05,0.0008301789057441,2.115195457008668e-05,1.6272701117259203e-05,7.239140541059896e-05,3.752238069409941e-05,7.524531247327104e-05,hybrid_16,0.0034432453103363,3.8163270801002194e-06,7.619615644220007e-05,0.0,hybrid_16,0.0034432453103363,0.0
rd_seed13_ld24_rl96,13,24,96,0.004416782874614,0.0046801273711025,0.0070833396166563,0.0026441232766956,0.0027167326770722,0.0033514818642288,0.0036825768183916,0.0038391533307731,0.0055207717232406,5.4564185937516016e-05,0.0005729238037019,2.9191248813731363e-06,6.53259988148136e-06,5.533550211112015e-05,4.0565107610746054e-05,7.598999218316749e-05,hybrid_16,0.0026441232766956,0.0007073585875332,7.260940037659988e-05,0.0,hybrid_16,0.0026441232766956,0.0
rd_seed13_ld28_rl96,13,28,96,0.0057699517346918,0.0101465042680501,0.0048648230731487,0.0030854663345962,0.0042926417663693,0.0026806411333382,0.0047985161654651,0.0079439375549554,0.0038664971943944,4.62422641760355e-05,0.0003153318539261,2.5504707537038485e-06,1.001202509343102e-05,5.869596861884929e-05,3.664782218493201e-05,7.31346444808878e-05,latent,0.0026806411333382,0.0,0.0016120006330311003,0.000404825201258,hybrid_16,0.0030854663345962,0.000404825201258
rd_seed13_ld32_rl96,13,32,96,0.0040793153457343,0.00392083870247,0.0129844769835472,0.0025207721628248,0.0025431916583329,0.0049905967898666,0.0033584516495466,0.0032669203355908,0.0098746158182621,8.797305864049085e-05,0.0008063308778218,4.500126124185044e-06,2.0633088766430774e-05,7.34709610696882e-05,4.138819241461533e-05,7.300511060748249e-05,hybrid_16,0.0025207721628248,0.0024698246270418,2.2419495508099914e-05,0.0,hybrid_16,0.0025207721628248,0.0
rd_seed13_ld16_rl112,13,16,112,0.016711788251996,0.0271304156631231,0.0173255763947963,0.0066732983104884,0.0091342162340879,0.0068778893910348,0.0144830010831356,0.0220539811998605,0.0145581178367137,9.318697217963287e-05,0.0007287801709026,1.7814456896303454e-06,1.579811236318025e-05,0.0001044121454469,3.701837937342134e-05,7.610242028022185e-05,hybrid_16,0.0066732983104884,0.0002045910805463999,0.0024609179235995007,0.0,hybrid_16,0.0066732983104884,0.0
rd_seed13_ld20_rl112,13,20,112,0.0083484640344977,0.0088159069418907,0.0187898389995098,0.0040257424116134,0.0043691243045032,0.0070563028566539,0.007370960433036,0.0077881645411252,0.0155256045982241,0.00014765445871488337,0.0008916573715396,4.264790186425671e-05,3.98835524038042e-05,0.0001194380311062,3.4340721924763784e-05,7.582036050735041e-05,hybrid_16,0.0040257424116134,0.0030305604450405,0.00034338189288979967,0.0,hybrid_16,0.0040257424116134,0.0
rd_seed13_ld24_rl112,13,24,112,0.009556726552546,0.0100952042266726,0.009786126203835,0.0043043326586484,0.0046011046506464,0.0043410784564912,0.0081990845501422,0.0087843351066112,0.0082112038508057,6.148949790939639e-05,0.0004800497554242,4.635855020751478e-06,9.77811543378948e-06,6.169859989313409e-05,4.0006460892527684e-05,7.440090121235698e-05,hybrid_16,0.0043043326586484,3.674579784279999e-05,0.0002967719919980006,0.0,hybrid_16,0.0043043326586484,0.0
rd_seed13_ld28_rl112,13,28,112,0.0096740433946251,0.0108687030151486,0.0096643716096878,0.0045857457444071,0.0049899485893547,0.0042201760224998,0.0085281915962696,0.0094009069725871,0.0080288369208574,7.168998889993993e-05,0.0005748314433731,2.961275868074153e-06,1.3300402088134433e-05,8.185081242118031e-05,3.4353147555066244e-05,7.156068022595719e-05,latent,0.0042201760224998,0.0,0.0007697725668549,0.00036556972190730005,hybrid_16,0.0045857457444071,0.00036556972190730005
rd_seed13_ld32_rl112,13,32,112,0.0123904822394251,0.0111519293859601,0.0243009030818939,0.004832467995584,0.0045025460422039,0.0081645883619785,0.0102718584239482,0.0092984810471534,0.0198114775121212,0.00010034106821875106,0.000572106684558,2.932786082965322e-05,4.1882319123938e-05,0.0001308459468418,3.089401184297458e-05,6.882818706799299e-05,hybrid_8,0.0045025460422039,0.0036620423197746,0.0,0.0003299219533801001,hybrid_16,0.004832467995584,0.0003299219533801001
